"","seasonstage","date","teamname","opposingteamname","ishomegame","game","teaminpossession","currentpossession","period","compiledgametime","scoredifferential","strengthstate","teamskatersonicecount","opposingteamskatersonicecount","player","playerprimaryposition","goalie","opposing_goalie","eventname","outcome","type","xadjcoord","yadjcoord","xg_all_attempts","goal","createsrebound","onetimer","shotaim","shottype"
"1","regular","2022-10-15","Harvey's","Adidas",1,"ADI-HAR","Harvey's",98,1,607.3333,0,"evenStrength",5,5,"Hayley Scamurra","F","Ann-Renée Desbiens","Maddie Rooney","assist","successful","second",67.0764770507812,-22.3824005126953,NA,0,0,0,"",""
"2","regular","2022-10-15","Harvey's","Adidas",1,"ADI-HAR","Harvey's",98,1,609.3,0,"evenStrength",5,5,"Alexandra Poznikoff","F","Ann-Renée Desbiens","Maddie Rooney","assist","successful","first",62.5497932434082,-23.1368408203125,NA,0,0,0,"",""
"3","regular","2022-10-15","Harvey's","Adidas",1,"ADI-HAR","Harvey's",310,2,1790.1333,1,"evenStrength",5,5,"Emily Clark","F","Ann-Renée Desbiens","Maddie Rooney","assist","successful","second",42.0430145263672,-32.4411773681641,NA,0,0,0,"",""
"4","regular","2022-10-15","Harvey's","Adidas",1,"ADI-HAR","Harvey's",310,2,1793.2333,1,"evenStrength",5,5,"Kristen Richards","D","Ann-Renée Desbiens","Maddie Rooney","assist","successful","first",74.2312469482422,17.8529396057129,NA,0,0,0,"",""
"5","regular","2022-10-15","Adidas","Harvey's",0,"ADI-HAR","Adidas",325,2,1877.9667,-2,"evenStrength",5,5,"Samantha Donovan","F","Maddie Rooney","Ann-Renée Desbiens","assist","successful","second",81.1714630126953,1.25882339477539,NA,0,0,0,"",""
"6","regular","2022-10-15","Adidas","Harvey's",0,"ADI-HAR","Adidas",326,2,1879.4,-2,"evenStrength",5,5,"Laura Dostaler","F","Maddie Rooney","Ann-Renée Desbiens","assist","successful","first",81.1714630126953,6.79117584228516,NA,0,0,0,"",""
"7","regular","2022-10-15","Adidas","Harvey's",0,"ADI-HAR","Harvey's",345,2,1965.8,-1,"evenStrength",5,5,"Samantha Donovan","F","Maddie Rooney","Ann-Renée Desbiens","assist","successful","first",39.4273452758789,13.8323535919189,NA,0,0,0,"",""
"8","regular","2022-10-15","Adidas","Harvey's",0,"ADI-HAR","Adidas",483,3,2868.8667,0,"evenStrength",5,5,"Jessica DiGirolamo","D","Maddie Rooney","Ann-Renée Desbiens","assist","successful","second",-56.52734375,-40.4882354736328,NA,0,0,0,"",""
"9","regular","2022-10-15","Adidas","Harvey's",0,"ADI-HAR","Adidas",483,3,2874.2666,0,"evenStrength",5,5,"Jill Saulnier","F","Maddie Rooney","Ann-Renée Desbiens","assist","successful","first",65.6873626708984,12.8235282897949,NA,0,0,0,"",""
"10","regular","2022-10-15","Adidas","Harvey's",0,"ADI-HAR","Adidas",588,3,3516.8667,1,"evenStrength",5,6,"Laura Stacey","F","Maddie Rooney","","assist","successful","first",-18.3038177490234,-35.9617652893066,NA,0,0,0,"",""
"11","regular","2022-10-15","Scotiabank","Sonnet",0,"SCO-SON","Scotiabank",112,1,714.7,0,"evenStrength",5,5,"Kelly Pannek","F","Emerance Maschmeyer","Nicole Hensley","assist","successful","first",51.505802154541,0.637138366699219,NA,0,0,0,"",""
"12","regular","2022-10-15","Sonnet","Scotiabank",1,"SCO-SON","Scotiabank",254,2,1593.9667,-1,"evenStrength",5,5,"Brianne Jenner","F","Nicole Hensley","Emerance Maschmeyer","assist","successful","second",-37.5148010253906,-40.4911956787109,NA,0,0,0,"",""
"13","regular","2022-10-15","Sonnet","Scotiabank",1,"SCO-SON","Sonnet",256,2,1603.3667,-1,"evenStrength",5,5,"Samantha Cogan","F","Nicole Hensley","Emerance Maschmeyer","assist","successful","first",96.2675476074219,4.77351379394531,NA,0,0,0,"",""
"14","regular","2022-10-15","Sonnet","Scotiabank",1,"SCO-SON","Sonnet",349,2,2155.4333,0,"evenStrength",5,5,"Brianne Jenner","F","Nicole Hensley","Emerance Maschmeyer","assist","successful","second",62.5626373291016,18.3588237762451,NA,0,0,0,"",""
"15","regular","2022-10-15","Sonnet","Scotiabank",1,"SCO-SON","Sonnet",349,2,2157.3333,0,"evenStrength",5,5,"Hilary Knight","F","Nicole Hensley","Emerance Maschmeyer","assist","successful","first",81.6744003295898,-8.79999923706055,NA,0,0,0,"",""
"16","regular","2022-10-15","Scotiabank","Sonnet",0,"SCO-SON","Scotiabank",415,3,2521.3,-1,"evenStrength",5,5,"Blayre Turnbull","F","Emerance Maschmeyer","Nicole Hensley","assist","successful","second",-98.8736114501953,-1.37462615966797,NA,0,0,0,"",""
"17","regular","2022-10-15","Scotiabank","Sonnet",0,"SCO-SON","Scotiabank",415,3,2523.7666,-1,"evenStrength",5,5,"Jaime Bourbonnais","D","Emerance Maschmeyer","Nicole Hensley","assist","successful","first",-84.791259765625,25.7841987609863,NA,0,0,0,"",""
"18","regular","2022-10-16","Scotiabank","Adidas",1,"ADI-SCO","Scotiabank",64,1,327.36667,0,"evenStrength",5,5,"Jaime Bourbonnais","D","Kristen Campbell","Aerin Frankel","assist","successful","second",34.5050048828125,38.9764709472656,NA,0,0,0,"",""
"19","regular","2022-10-16","Scotiabank","Adidas",1,"ADI-SCO","Scotiabank",64,1,331.76666,0,"evenStrength",5,5,"Alex Carpenter","F","Kristen Campbell","Aerin Frankel","assist","successful","first",79.2667694091797,19.8647079467773,NA,0,0,0,"",""
"20","regular","2022-10-16","Scotiabank","Adidas",1,"ADI-SCO","Scotiabank",184,1,1109.9667,1,"powerPlay",5,4,"Rebecca Johnston","F","Kristen Campbell","Aerin Frankel","assist","successful","second",53.1138305664062,-37.9735298156738,NA,0,0,0,"",""
"21","regular","2022-10-16","Scotiabank","Adidas",1,"ADI-SCO","Scotiabank",184,1,1112.1666,1,"powerPlay",5,4,"Blayre Turnbull","F","Kristen Campbell","Aerin Frankel","assist","successful","first",79.2667694091797,-33.4470596313477,NA,0,0,0,"",""
"22","regular","2022-10-16","Scotiabank","Adidas",1,"ADI-SCO","Scotiabank",194,1,1154.3334,2,"evenStrength",5,5,"Jaime Bourbonnais","D","Kristen Campbell","Aerin Frankel","assist","successful","first",-56.0244026184082,36.9647064208984,NA,0,0,0,"",""
"23","regular","2022-10-16","Scotiabank","Adidas",1,"ADI-SCO","Scotiabank",287,2,1763.6666,3,"powerPlay",5,4,"Rebecca Johnston","F","Kristen Campbell","Aerin Frankel","assist","successful","second",48.983226776123,-16.3441162109375,NA,0,0,0,"",""
"24","regular","2022-10-16","Scotiabank","Adidas",1,"ADI-SCO","Scotiabank",287,2,1763.9667,3,"powerPlay",5,4,"Blayre Turnbull","F","Kristen Campbell","Aerin Frankel","assist","successful","first",80.1655807495117,-0.25,NA,0,0,0,"",""
"25","regular","2022-10-16","Scotiabank","Adidas",1,"ADI-SCO","Scotiabank",588,3,3529.9,4,"evenStrength",5,6,"Blayre Turnbull","F","Kristen Campbell","","assist","successful","second",-47.9780502319336,33.3998260498047,NA,0,0,0,"",""
"26","regular","2022-10-16","Scotiabank","Adidas",1,"ADI-SCO","Scotiabank",588,3,3530.7334,4,"evenStrength",5,6,"Mélodie Daoust","F","Kristen Campbell","","assist","successful","first",-30.8773422241211,7.79411697387695,NA,0,0,0,"",""
"27","regular","2022-10-16","Harvey's","Sonnet",0,"HAR-SON","Harvey's",33,1,151.06667,0,"evenStrength",5,5,"Bailey Larson","F","Geneviève Lacasse","Lindsay Browning","assist","successful","second",66.6932373046875,-38.9794120788574,NA,0,0,0,"",""
"28","regular","2022-10-16","Harvey's","Sonnet",0,"HAR-SON","Harvey's",33,1,153.16667,0,"evenStrength",5,5,"Lee Stecklein","D","Geneviève Lacasse","Lindsay Browning","assist","successful","first",28.97265625,-23.8911762237549,NA,0,0,0,"",""
"29","regular","2022-10-16","Sonnet","Harvey's",1,"HAR-SON","Sonnet",398,2,2173.2334,-1,"shortHanded",4,5,"Alexa Vasko","F","Lindsay Browning","Geneviève Lacasse","assist","successful","first",86.3079528808594,8.79999923706055,NA,0,0,0,"",""
"30","regular","2022-10-16","Harvey's","Sonnet",0,"HAR-SON","Harvey's",508,3,2721.3667,0,"evenStrength",5,5,"Alexa Gruschow","F","Geneviève Lacasse","Lindsay Browning","assist","successful","second",-62.0596961975098,39.9823532104492,NA,0,0,0,"",""
"31","regular","2022-10-16","Harvey's","Sonnet",0,"HAR-SON","Harvey's",509,3,2727.9,0,"evenStrength",5,5,"Sophia Shaver","F","Geneviève Lacasse","Lindsay Browning","assist","successful","first",88.3197174072266,7.79411697387695,NA,0,0,0,"",""
"32","regular","2022-10-16","Sonnet","Harvey's",1,"HAR-SON","Sonnet",515,3,2760.5667,-1,"evenStrength",5,5,"Malia Schneider","F","Lindsay Browning","Geneviève Lacasse","assist","successful","first",68.0949859619141,-18.3558807373047,NA,0,0,0,"",""
"33","regular","2022-11-04","Adidas","Harvey's",0,"ADI-HAR","Adidas",31,1,328.03333,0,"powerPlay",5,4,"Kaitlin Willoughby","F","Maddie Rooney","Ann-Renée Desbiens","assist","successful","first",48.9893379211426,39.985294342041,NA,0,0,0,"",""
"34","regular","2022-11-04","Harvey's","Adidas",1,"ADI-HAR","Harvey's",40,1,375.26666,-1,"evenStrength",5,5,"Rosalie Demers","F","Ann-Renée Desbiens","Maddie Rooney","assist","successful","first",72.2256011962891,16.3441162109375,NA,0,0,0,"",""
"35","regular","2022-11-04","Harvey's","Adidas",1,"ADI-HAR","Harvey's",138,1,952.3,-1,"evenStrength",5,5,"Bailey Larson","F","Ann-Renée Desbiens","Maddie Rooney","assist","successful","second",60.1471405029297,7.13050842285156,NA,0,0,0,"",""
"36","regular","2022-11-04","Harvey's","Adidas",1,"ADI-HAR","Harvey's",139,1,953.36664,-1,"evenStrength",5,5,"Alexandra Poznikoff","F","Ann-Renée Desbiens","Maddie Rooney","assist","successful","first",84.791259765625,-2.25772857666016,NA,0,0,0,"",""
"37","regular","2022-11-04","Harvey's","Adidas",1,"ADI-HAR","Harvey's",237,2,1502.4667,0,"powerPlay",5,4,"Marie-Philip Poulin","F","Ann-Renée Desbiens","Maddie Rooney","assist","successful","second",62.0675659179688,-25.4040374755859,NA,0,0,0,"",""
"38","regular","2022-11-04","Harvey's","Adidas",1,"ADI-HAR","Harvey's",237,2,1503.3334,0,"powerPlay",5,4,"Lee Stecklein","D","Ann-Renée Desbiens","Maddie Rooney","assist","successful","first",76.1376953125,11.813606262207,NA,0,0,0,"",""
"39","regular","2022-11-04","Adidas","Harvey's",0,"ADI-HAR","Adidas",487,3,3042.4666,-1,"evenStrength",5,5,"Jill Saulnier","F","Maddie Rooney","Ann-Renée Desbiens","assist","successful","second",83.686164855957,-35.4558792114258,NA,0,0,0,"",""
"40","regular","2022-11-04","Adidas","Harvey's",0,"ADI-HAR","Adidas",487,3,3043.2,-1,"evenStrength",5,5,"Kendall Coyne Schofield","F","Maddie Rooney","Ann-Renée Desbiens","assist","successful","first",59.049919128418,-15.34521484375,NA,0,0,0,"",""
"41","regular","2022-11-04","Harvey's","Adidas",1,"ADI-HAR","Harvey's",612,4,3732.3,0,"evenStrength",3,3,"Lee Stecklein","D","Ann-Renée Desbiens","Maddie Rooney","assist","successful","first",-67.5999221801758,37.8099212646484,NA,0,0,0,"",""
"42","regular","2022-11-04","Sonnet","Scotiabank",0,"SCO-SON","Sonnet",265,2,1660.6333,0,"evenStrength",5,5,"Brianne Jenner","F","Nicole Hensley","Kristen Campbell","assist","successful","second",-17.3971557617188,-35.4617767333984,NA,0,0,0,"",""
"43","regular","2022-11-04","Sonnet","Scotiabank",0,"SCO-SON","Sonnet",265,2,1662.3667,0,"evenStrength",5,5,"Hanna Bunton","F","Nicole Hensley","Kristen Campbell","assist","successful","first",20.3234329223633,-8.8058967590332,NA,0,0,0,"",""
"44","regular","2022-11-04","Scotiabank","Sonnet",1,"SCO-SON","Scotiabank",358,2,2176.1667,-1,"evenStrength",5,5,"Megan Keller","D","Emerance Maschmeyer","Nicole Hensley","assist","successful","second",-34.4057846069336,0.255897521972656,NA,0,0,0,"",""
"45","regular","2022-11-04","Scotiabank","Sonnet",1,"SCO-SON","Scotiabank",359,2,2182.1667,-1,"evenStrength",5,5,"Blayre Turnbull","F","Emerance Maschmeyer","Nicole Hensley","assist","successful","first",81.2706909179688,-20.3646907806396,NA,0,0,0,"",""
"46","regular","2022-11-04","Scotiabank","Sonnet",1,"SCO-SON","Scotiabank",391,2,2359.5,0,"evenStrength",5,5,"Katelyn Gosling","D","Emerance Maschmeyer","Nicole Hensley","assist","successful","second",-86.711669921875,19.87060546875,NA,0,0,0,"",""
"47","regular","2022-11-04","Scotiabank","Sonnet",1,"SCO-SON","Scotiabank",391,2,2366.1,0,"evenStrength",5,5,"Grace Graham","F","Emerance Maschmeyer","Nicole Hensley","assist","successful","first",57.1295166015625,-35.955867767334,NA,0,0,0,"",""
"48","regular","2022-11-05","Scotiabank","Adidas",0,"ADI-SCO","Scotiabank",28,1,132.2,0,"evenStrength",5,5,"Madison Field","F","Emerance Maschmeyer","Aerin Frankel","assist","successful","second",95.8638305664062,23.3852920532227,NA,0,0,0,"",""
"49","regular","2022-11-05","Scotiabank","Adidas",0,"ADI-SCO","Scotiabank",29,1,136.76,0,"evenStrength",5,5,"Victoria Bach","F","Emerance Maschmeyer","Aerin Frankel","assist","successful","first",80.2687225341797,36.4617614746094,NA,0,0,0,"",""
"50","regular","2022-11-05","Adidas","Scotiabank",1,"ADI-SCO","Adidas",79,1,469.6,-1,"powerPlay",5,4,"Jess Jones","F","Aerin Frankel","Emerance Maschmeyer","assist","successful","second",54.0204887390137,17.3470439910889,NA,0,0,0,"",""
"51","regular","2022-11-05","Adidas","Scotiabank",1,"ADI-SCO","Adidas",79,1,471.6,-1,"powerPlay",5,4,"Kristin ONeill","F","Aerin Frankel","Emerance Maschmeyer","assist","successful","first",79.6704940795898,28.9146900177002,NA,0,0,0,"",""
"52","regular","2022-11-05","Scotiabank","Adidas",0,"ADI-SCO","Scotiabank",90,1,549.24,0,"evenStrength",5,5,"Mélodie Daoust","F","Emerance Maschmeyer","Aerin Frankel","assist","successful","first",92.3353881835938,-5.27645492553711,NA,0,0,0,"",""
"53","regular","2022-11-05","Adidas","Scotiabank",1,"ADI-SCO","Adidas",98,1,591.88,-1,"evenStrength",5,5,"Sarah Nurse","F","Aerin Frankel","Emerance Maschmeyer","assist","successful","second",65.588134765625,30.4235134124756,NA,0,0,0,"",""
"54","regular","2022-11-05","Adidas","Scotiabank",1,"ADI-SCO","Adidas",98,1,593.56,-1,"evenStrength",5,5,"Jincy Dunne","D","Aerin Frankel","Emerance Maschmeyer","assist","successful","first",34.4057846069336,23.3823375701904,NA,0,0,0,"",""
"55","regular","2022-11-05","Adidas","Scotiabank",1,"ADI-SCO","Scotiabank",147,1,954.96,0,"evenStrength",5,5,"Sarah Potomak","F","Aerin Frankel","Emerance Maschmeyer","assist","successful","second",90.7352142333984,-32.9481582641602,NA,0,0,0,"",""
"56","regular","2022-11-05","Adidas","Scotiabank",1,"ADI-SCO","Adidas",148,1,958.72,0,"evenStrength",5,5,"Laura Stacey","F","Aerin Frankel","Emerance Maschmeyer","assist","successful","first",45.4705085754395,-11.8246269226074,NA,0,0,0,"",""
"57","regular","2022-11-05","Scotiabank","Adidas",0,"ADI-SCO","Scotiabank",200,2,1262.4,-1,"evenStrength",5,5,"Brigette Lacquette","D","Emerance Maschmeyer","Aerin Frankel","assist","successful","second",-93.8520660400391,-3.77058792114258,NA,0,0,0,"",""
"58","regular","2022-11-05","Scotiabank","Adidas",0,"ADI-SCO","Scotiabank",200,2,1268.1,-1,"evenStrength",5,5,"Rebecca Johnston","F","Emerance Maschmeyer","Aerin Frankel","assist","successful","first",85.1949920654297,-0.752941131591797,NA,0,0,0,"",""
"59","regular","2022-11-05","Adidas","Scotiabank",1,"ADI-SCO","Adidas",418,3,2671.7334,0,"powerPlay",5,4,"Jill Saulnier","F","Aerin Frankel","Emerance Maschmeyer","assist","successful","second",96.7704925537109,6.2823371887207,NA,0,0,0,"",""
"60","regular","2022-11-05","Adidas","Scotiabank",1,"ADI-SCO","Adidas",419,3,2673.1667,0,"powerPlay",5,4,"Kendall Coyne Schofield","F","Aerin Frankel","Emerance Maschmeyer","assist","successful","first",85.7057876586914,2.76174926757812,NA,0,0,0,"",""
"61","regular","2022-11-05","Adidas","Scotiabank",1,"ADI-SCO","Adidas",553,3,3466.9666,1,"evenStrength",5,6,"Kendall Coyne Schofield","F","Aerin Frankel","","assist","successful","first",-12.8706665039062,13.3224334716797,NA,0,0,0,"",""
"62","regular","2022-11-05","Harvey's","Sonnet",0,"HAR-SON","Harvey's",58,1,315.93332,0,"evenStrength",5,5,"Jessie Eldridge","F","Marlène Boissonnault","Erica Howe","assist","successful","second",71.6234359741211,-34.9588394165039,NA,0,0,0,"",""
"63","regular","2022-11-05","Harvey's","Sonnet",0,"HAR-SON","Harvey's",58,1,318.36667,0,"evenStrength",5,5,"Laura Fortino","D","Marlène Boissonnault","Erica Howe","assist","successful","first",38.9322547912598,22.3764553070068,NA,0,0,0,"",""
"64","regular","2022-11-05","Sonnet","Harvey's",1,"HAR-SON","Sonnet",94,1,539.6,-1,"evenStrength",5,5,"Hilary Knight","F","Erica Howe","Marlène Boissonnault","assist","successful","first",91.8324432373047,-12.3176307678223,NA,0,0,0,"",""
"65","regular","2022-11-05","Harvey's","Sonnet",0,"HAR-SON","Harvey's",267,2,1521.0333,0,"evenStrength",5,5,"Jacquie Greco","D","Marlène Boissonnault","Erica Howe","assist","successful","first",44.0530395507812,-38.9735145568848,NA,0,0,0,"",""
"66","regular","2022-11-05","Sonnet","Harvey's",1,"HAR-SON","Sonnet",405,2,2374.9666,-2,"evenStrength",5,5,"Hilary Knight","F","Erica Howe","Marlène Boissonnault","assist","successful","first",60.0479316711426,28.9205875396729,NA,0,0,0,"",""
"67","regular","2022-11-05","Harvey's","Sonnet",0,"HAR-SON","Harvey's",418,3,2463.1667,1,"evenStrength",5,5,"Jamie Lee Rattray","F","Marlène Boissonnault","Erica Howe","assist","successful","second",66.0910797119141,-39.9882507324219,NA,0,0,0,"",""
"68","regular","2022-11-05","Harvey's","Sonnet",0,"HAR-SON","Harvey's",419,3,2467.0334,1,"evenStrength",5,5,"Hayley Scamurra","F","Marlène Boissonnault","Erica Howe","assist","successful","first",95.7646102905273,-9.308837890625,NA,0,0,0,"",""
"69","regular","2022-11-05","Harvey's","Sonnet",0,"HAR-SON","Harvey's",450,3,2719.6,2,"evenStrength",5,5,"Clair DeGeorge","F","Marlène Boissonnault","Erica Howe","assist","successful","first",68.6057815551758,-27.4147186279297,NA,0,0,0,"",""
"70","regular","2022-11-05","Harvey's","Sonnet",0,"HAR-SON","Harvey's",547,3,3356.9333,3,"evenStrength",5,6,"Jessie Eldridge","F","Marlène Boissonnault","","assist","successful","first",31.3802871704102,-37.970588684082,NA,0,0,0,"",""
"71","regular","2022-11-06","Sonnet","Adidas",1,"ADI-SON","Sonnet",102,1,701.4,0,"shortHanded",4,5,"Brianne Jenner","F","Nicole Hensley","Maddie Rooney","assist","successful","first",51.0941925048828,-11.3106689453125,NA,0,0,0,"",""
"72","regular","2022-11-06","Sonnet","Adidas",1,"ADI-SON","Sonnet",177,1,1189.6333,1,"evenStrength",5,5,"Brianne Jenner","F","Nicole Hensley","Maddie Rooney","assist","successful","first",92.84619140625,24.3911743164062,NA,0,0,0,"",""
"73","regular","2022-11-06","Sonnet","Adidas",1,"ADI-SON","Sonnet",223,2,1460.8,2,"evenStrength",5,5,"Demi Crossman","F","Nicole Hensley","Maddie Rooney","assist","successful","second",48.991096496582,-27.9187393188477,NA,0,0,0,"",""
"74","regular","2022-11-06","Sonnet","Adidas",1,"ADI-SON","Sonnet",224,2,1461.7,2,"evenStrength",5,5,"Carolyne Prevost","F","Nicole Hensley","Maddie Rooney","assist","successful","first",54.5234489440918,-29.0922698974609,NA,0,0,0,"",""
"75","regular","2022-11-06","Adidas","Sonnet",0,"ADI-SON","Adidas",311,2,2060.5,-3,"evenStrength",5,5,"Kristin ONeill","F","Maddie Rooney","Nicole Hensley","assist","successful","second",-42.9324989318848,11.8235816955566,NA,0,0,0,"",""
"76","regular","2022-11-06","Adidas","Sonnet",0,"ADI-SON","Adidas",311,2,2067.8667,-3,"evenStrength",5,5,"Jincy Dunne","D","Maddie Rooney","Nicole Hensley","assist","successful","first",-4.2047119140625,10.3147087097168,NA,0,0,0,"",""
"77","regular","2022-11-06","Harvey's","Scotiabank",0,"HAR-SCO","Harvey's",51,1,271.63333,0,"evenStrength",5,5,"Clair DeGeorge","F","Ann-Renée Desbiens","Kristen Campbell","assist","successful","second",91.7288665771484,-28.9246292114258,NA,0,0,0,"",""
"78","regular","2022-11-06","Harvey's","Scotiabank",0,"HAR-SCO","Harvey's",51,1,273.3,0,"evenStrength",5,5,"Lee Stecklein","D","Ann-Renée Desbiens","Kristen Campbell","assist","successful","first",29.3641586303711,-38.4805068969727,NA,0,0,0,"",""
"79","regular","2022-11-06","Harvey's","Scotiabank",0,"HAR-SCO","Harvey's",106,1,605.13336,1,"evenStrength",5,5,"Lee Stecklein","D","Ann-Renée Desbiens","Kristen Campbell","assist","successful","first",-69.2000885009766,30.4224338531494,NA,0,0,0,"",""
"80","regular","2022-11-06","Harvey's","Scotiabank",0,"HAR-SCO","Harvey's",236,2,1418.9667,2,"evenStrength",5,5,"Lee Stecklein","D","Ann-Renée Desbiens","Kristen Campbell","assist","successful","second",-98.7822723388672,11.3216857910156,NA,0,0,0,"",""
"81","regular","2022-11-06","Harvey's","Scotiabank",0,"HAR-SCO","Harvey's",236,2,1422.3667,2,"evenStrength",5,5,"Emily Clark","F","Ann-Renée Desbiens","Kristen Campbell","assist","successful","first",-51.505802154541,-40.481258392334,NA,0,0,0,"",""
"82","regular","2022-11-06","Harvey's","Scotiabank",0,"HAR-SCO","Harvey's",263,2,1620.7333,3,"evenStrength",5,5,"Marie-Philip Poulin","F","Ann-Renée Desbiens","Kristen Campbell","assist","successful","first",79.7697143554688,0.25,NA,0,0,0,"",""
"83","regular","2022-11-06","Harvey's","Scotiabank",0,"HAR-SCO","Harvey's",327,2,2108.0334,4,"powerPlay",5,4,"Marie-Philip Poulin","F","Ann-Renée Desbiens","Kristen Campbell","assist","successful","second",48.0844268798828,-26.4058818817139,NA,0,0,0,"",""
"84","regular","2022-11-06","Harvey's","Scotiabank",0,"HAR-SCO","Harvey's",327,2,2109.7666,4,"powerPlay",5,4,"Jessie Eldridge","F","Ann-Renée Desbiens","Kristen Campbell","assist","successful","first",79.7697143554688,-2.76764678955078,NA,0,0,0,"",""
"85","regular","2022-11-06","Scotiabank","Harvey's",1,"HAR-SCO","Scotiabank",571,3,3583.5334,-5,"powerPlay",5,4,"Megan Keller","D","Emerance Maschmeyer","Ann-Renée Desbiens","assist","successful","first",39.534423828125,22.8823547363281,NA,0,0,0,"",""
"86","regular","2022-11-26","Harvey's","Adidas",0,"ADI-HAR","Harvey's",68,1,411.9,0,"evenStrength",5,5,"Savannah Harmon","D","Geneviève Lacasse","Shea Tiley","assist","successful","first",-68.1941986083984,11.3106689453125,NA,0,0,0,"",""
"87","regular","2022-11-26","Harvey's","Adidas",0,"ADI-HAR","Harvey's",78,1,470.56668,1,"evenStrength",5,5,"Laura Fortino","D","Geneviève Lacasse","Shea Tiley","assist","successful","second",-61.1530151367188,26.398904800415,NA,0,0,0,"",""
"88","regular","2022-11-26","Harvey's","Adidas",0,"ADI-HAR","Harvey's",78,1,475.36667,1,"evenStrength",5,5,"Lee Stecklein","D","Geneviève Lacasse","Shea Tiley","assist","successful","first",64.0793304443359,-14.3393325805664,NA,0,0,0,"",""
"89","regular","2022-11-26","Harvey's","Adidas",0,"ADI-HAR","Harvey's",285,2,1680,1,"evenStrength",5,5,"Emily Clark","F","Geneviève Lacasse","Shea Tiley","assist","successful","first",83.2902984619141,31.9352951049805,NA,0,0,0,"",""
"90","regular","2022-11-26","Adidas","Harvey's",1,"ADI-HAR","Adidas",469,3,2812.7334,-2,"evenStrength",5,5,"Kristin ONeill","F","Shea Tiley","Geneviève Lacasse","assist","successful","first",78.2530212402344,-18.8547859191895,NA,0,0,0,"",""
"91","regular","2022-11-26","Adidas","Harvey's",1,"ADI-HAR","Adidas",509,3,3029.9666,-1,"evenStrength",5,5,"Kristin ONeill","F","Shea Tiley","Geneviève Lacasse","assist","successful","second",90.3314819335938,9.30294036865234,NA,0,0,0,"",""
"92","regular","2022-11-26","Adidas","Harvey's",1,"ADI-HAR","Adidas",509,3,3031.3,-1,"evenStrength",5,5,"Kayla Vespa","F","Shea Tiley","Geneviève Lacasse","assist","successful","first",64.1785430908203,-8.29999923706055,NA,0,0,0,"",""
"93","regular","2022-11-26","Harvey's","Adidas",0,"ADI-HAR","Harvey's",569,3,3392.5667,0,"powerPlay",5,4,"Laura Fortino","D","Geneviève Lacasse","Shea Tiley","assist","successful","second",5.23521423339844,-23.3922729492188,NA,0,0,0,"",""
"94","regular","2022-11-26","Harvey's","Adidas",0,"ADI-HAR","Harvey's",569,3,3396.2334,0,"powerPlay",5,4,"Jessie Eldridge","F","Geneviève Lacasse","Shea Tiley","assist","successful","first",47.9852142333984,-7.80109405517578,NA,0,0,0,"",""
"95","regular","2022-11-26","Scotiabank","Sonnet",0,"SCO-SON","Scotiabank",77,1,382.03333,0,"evenStrength",5,5,"Makayla Langei","D","Kristen Campbell","Nicole Hensley","assist","successful","second",-98.3785400390625,10.3117637634277,NA,0,0,0,"",""
"96","regular","2022-11-26","Scotiabank","Sonnet",0,"SCO-SON","Scotiabank",77,1,385.76666,0,"evenStrength",5,5,"Madison Field","F","Kristen Campbell","Nicole Hensley","assist","successful","first",-23.440299987793,36.9676475524902,NA,0,0,0,"",""
"97","regular","2022-11-26","Sonnet","Scotiabank",1,"SCO-SON","Sonnet",297,2,1771,-1,"evenStrength",5,5,"Natasza Tarnowski","F","Nicole Hensley","Kristen Campbell","assist","successful","second",-3.81948852539062,10.8147048950195,NA,0,0,0,"",""
"98","regular","2022-11-26","Sonnet","Scotiabank",1,"SCO-SON","Sonnet",297,2,1775.1333,-1,"evenStrength",5,5,"Malia Schneider","F","Nicole Hensley","Kristen Campbell","assist","successful","first",93.248161315918,8.80294036865234,NA,0,0,0,"",""
"99","regular","2022-11-26","Sonnet","Scotiabank",1,"SCO-SON","Sonnet",429,3,2579.2,0,"powerPlay",5,4,"Rebecca Leslie","F","Nicole Hensley","Kristen Campbell","assist","successful","second",66.2002258300781,-36.9654388427734,NA,0,0,0,"",""
"100","regular","2022-11-26","Sonnet","Scotiabank",1,"SCO-SON","Sonnet",429,3,2581.1667,0,"powerPlay",5,4,"Emily Brown","D","Nicole Hensley","Kristen Campbell","assist","successful","first",32.5025634765625,-20.8710384368896,NA,0,0,0,"",""
"101","regular","2022-11-26","Scotiabank","Sonnet",0,"SCO-SON","Scotiabank",456,3,2777.2334,-1,"evenStrength",5,5,"Blayre Turnbull","F","Kristen Campbell","Nicole Hensley","assist","successful","first",-77.2471466064453,-4.2805061340332,NA,0,0,0,"",""
"102","regular","2022-11-26","Scotiabank","Sonnet",0,"SCO-SON","Scotiabank",480,3,2975.3333,0,"powerPlay",5,4,"Rebecca Johnston","F","Kristen Campbell","Nicole Hensley","assist","successful","second",42.4528617858887,23.8841991424561,NA,0,0,0,"",""
"103","regular","2022-11-26","Scotiabank","Sonnet",0,"SCO-SON","Scotiabank",480,3,2976.6667,0,"powerPlay",5,4,"Megan Keller","D","Kristen Campbell","Nicole Hensley","assist","successful","first",39.4352111816406,-14.8422737121582,NA,0,0,0,"",""
"104","regular","2022-11-26","Sonnet","Scotiabank",1,"SCO-SON","Scotiabank",544,3,3314.4666,-1,"evenStrength",5,5,"Brianne Jenner","F","Nicole Hensley","Kristen Campbell","assist","successful","second",62.6670989990234,-25.3999996185303,NA,0,0,0,"",""
"105","regular","2022-11-26","Sonnet","Scotiabank",1,"SCO-SON","Sonnet",545,3,3321.1333,-1,"evenStrength",5,5,"Abby Roque","F","Nicole Hensley","Kristen Campbell","assist","successful","first",92.3406219482422,-15.3411769866943,NA,0,0,0,"",""
"106","regular","2022-11-26","Scotiabank","Sonnet",0,"SCO-SON","Scotiabank",553,3,3359.3333,0,"powerPlay",5,4,"Rebecca Johnston","F","Kristen Campbell","Nicole Hensley","assist","successful","first",82.6881561279297,-32.4452133178711,NA,0,0,0,"",""
"107","regular","2022-11-26","Scotiabank","Sonnet",0,"SCO-SON","Scotiabank",578,3,3471.8333,1,"evenStrength",5,5,"Ella Shelton","D","Kristen Campbell","Nicole Hensley","assist","successful","second",30.3770217895508,-30.9294128417969,NA,0,0,0,"",""
"108","regular","2022-11-26","Scotiabank","Sonnet",0,"SCO-SON","Scotiabank",578,3,3473.7334,1,"evenStrength",5,5,"Makayla Langei","D","Kristen Campbell","Nicole Hensley","assist","successful","first",50.4999198913574,27.9077281951904,NA,0,0,0,"",""
"109","regular","2022-11-26","Sonnet","Scotiabank",1,"SCO-SON","Sonnet",603,3,3595.6667,-2,"evenStrength",6,5,"Abby Roque","F","","Kristen Campbell","assist","successful","second",28.4671020507812,39.4794082641602,NA,0,0,0,"",""
"110","regular","2022-11-26","Sonnet","Scotiabank",1,"SCO-SON","Sonnet",603,3,3598.5667,-2,"evenStrength",6,5,"Rebecca Leslie","F","","Kristen Campbell","assist","successful","first",94.3523864746094,-4.77941131591797,NA,0,0,0,"",""
"111","regular","2022-11-27","Adidas","Sonnet",1,"ADI-SON","Adidas",49,1,295.43332,0,"evenStrength",5,5,"Emily Curlett","D","Sydney Scobee","Nicole Hensley","assist","successful","second",84.1891098022461,6.79117584228516,NA,0,0,0,"",""
"112","regular","2022-11-27","Adidas","Sonnet",1,"ADI-SON","Adidas",50,1,297.6,0,"evenStrength",5,5,"Jill Saulnier","F","Sydney Scobee","Nicole Hensley","assist","successful","first",90.2244033813477,-10.3088226318359,NA,0,0,0,"",""
"113","regular","2022-11-27","Sonnet","Adidas",0,"ADI-SON","Sonnet",63,1,364.7,-1,"evenStrength",5,5,"Hannah Brandt","F","Nicole Hensley","Sydney Scobee","assist","successful","second",64.1724243164062,37.467643737793,NA,0,0,0,"",""
"114","regular","2022-11-27","Sonnet","Adidas",0,"ADI-SON","Sonnet",64,1,368.3,-1,"evenStrength",5,5,"Brianne Jenner","F","Nicole Hensley","Sydney Scobee","assist","successful","first",80.2665405273438,-0.252941131591797,NA,0,0,0,"",""
"115","regular","2022-11-27","Adidas","Sonnet",1,"ADI-SON","Adidas",339,2,1984.6666,0,"evenStrength",5,5,"Laura Stacey","F","Sydney Scobee","Nicole Hensley","assist","successful","second",46.0904846191406,-16.8488159179688,NA,0,0,0,"",""
"116","regular","2022-11-27","Adidas","Sonnet",1,"ADI-SON","Adidas",339,2,1986.3,0,"evenStrength",5,5,"Jessica DiGirolamo","D","Sydney Scobee","Nicole Hensley","assist","successful","first",85.3217010498047,14.8379364013672,NA,0,0,0,"",""
"117","regular","2022-11-27","Adidas","Sonnet",1,"ADI-SON","Adidas",348,2,2045.5,1,"evenStrength",5,5,"Kaitlin Willoughby","F","Sydney Scobee","Nicole Hensley","assist","successful","second",82.3039245605469,-14.8369579315186,NA,0,0,0,"",""
"118","regular","2022-11-27","Adidas","Sonnet",1,"ADI-SON","Adidas",349,2,2050.1333,1,"evenStrength",5,5,"Kristin ONeill","F","Sydney Scobee","Nicole Hensley","assist","successful","first",31.0015563964844,20.8735046386719,NA,0,0,0,"",""
"119","regular","2022-11-27","Harvey's","Scotiabank",1,"HAR-SCO","Harvey's",154,1,989.06665,1,"powerPlay",5,4,"Laura Fortino","D","Ann-Renée Desbiens","Emerance Maschmeyer","assist","successful","second",30.8851928710938,-12.3264846801758,NA,0,0,0,"",""
"120","regular","2022-11-27","Harvey's","Scotiabank",1,"HAR-SCO","Harvey's",154,1,990.8333,1,"powerPlay",5,4,"Jessie Eldridge","F","Ann-Renée Desbiens","Emerance Maschmeyer","assist","successful","first",59.5528450012207,-27.4147186279297,NA,0,0,0,"",""
"121","regular","2022-11-27","Scotiabank","Harvey's",0,"HAR-SCO","Scotiabank",209,2,1347.0333,-2,"evenStrength",5,5,"Blayre Turnbull","F","Emerance Maschmeyer","Ann-Renée Desbiens","assist","successful","first",42.9505500793457,-38.9764709472656,NA,0,0,0,"",""
"122","regular","2022-11-27","Harvey's","Scotiabank",1,"HAR-SCO","Harvey's",241,2,1524.6666,1,"evenStrength",5,5,"Clair DeGeorge","F","Ann-Renée Desbiens","Emerance Maschmeyer","assist","successful","second",67.1961822509766,-37.9735298156738,NA,0,0,0,"",""
"123","regular","2022-11-27","Harvey's","Scotiabank",1,"HAR-SCO","Harvey's",241,2,1526.8334,1,"evenStrength",5,5,"Sophia Shaver","F","Ann-Renée Desbiens","Emerance Maschmeyer","assist","successful","first",54.6226501464844,-7.79705810546875,NA,0,0,0,"",""
"124","regular","2022-11-27","Scotiabank","Harvey's",0,"HAR-SCO","Scotiabank",418,3,2573.1667,-2,"evenStrength",5,5,"Megan Keller","D","Emerance Maschmeyer","Ann-Renée Desbiens","assist","successful","second",34.5050048828125,-21.8794116973877,NA,0,0,0,"",""
"125","regular","2022-11-27","Scotiabank","Harvey's",0,"HAR-SCO","Scotiabank",418,3,2575.5334,-2,"evenStrength",5,5,"Katelyn Gosling","D","Emerance Maschmeyer","Ann-Renée Desbiens","assist","successful","first",46.5755920410156,28.9176483154297,NA,0,0,0,"",""
"126","regular","2022-11-27","Harvey's","Scotiabank",1,"HAR-SCO","Harvey's",524,3,3240.1667,1,"evenStrength",5,5,"Emily Clark","F","Ann-Renée Desbiens","Emerance Maschmeyer","assist","successful","second",-52.10009765625,-38.9823684692383,NA,0,0,0,"",""
"127","regular","2022-11-27","Harvey's","Scotiabank",1,"HAR-SCO","Harvey's",524,3,3245.8667,1,"evenStrength",5,5,"Jessie Eldridge","F","Ann-Renée Desbiens","Emerance Maschmeyer","assist","successful","first",59.5528450012207,10.8088111877441,NA,0,0,0,"",""
"128","regular","2022-11-27","Harvey's","Scotiabank",1,"HAR-SCO","Harvey's",582,3,3559.4666,2,"evenStrength",5,6,"Emily Clark","F","Ann-Renée Desbiens","","assist","successful","second",-61.15478515625,-37.970588684082,NA,0,0,0,"",""
"129","regular","2022-11-27","Harvey's","Scotiabank",1,"HAR-SCO","Harvey's",583,3,3564.3333,2,"evenStrength",5,6,"Marie-Philip Poulin","F","Ann-Renée Desbiens","","assist","successful","first",25.3511047363281,-27.408821105957,NA,0,0,0,"",""
"130","regular","2022-12-09","Adidas","Scotiabank",0,"ADI-SCO","Adidas",243,2,1422.9333,0,"evenStrength",5,5,"Sarah Potomak","F","Maddie Rooney","Amanda Makela","assist","successful","second",-63.6677398681641,-26.4088363647461,NA,0,0,0,"",""
"131","regular","2022-12-09","Adidas","Scotiabank",0,"ADI-SCO","Adidas",245,2,1429.2,0,"evenStrength",5,5,"Laura Stacey","F","Maddie Rooney","Amanda Makela","assist","successful","first",86.2087249755859,34.9499855041504,NA,0,0,0,"",""
"132","regular","2022-12-09","Adidas","Scotiabank",0,"ADI-SCO","Adidas",402,3,2495.4,1,"evenStrength",5,5,"Kristin ONeill","F","Maddie Rooney","Amanda Makela","assist","successful","first",-48.4881362915039,16.3500137329102,NA,0,0,0,"",""
"133","regular","2022-12-09","Scotiabank","Adidas",1,"ADI-SCO","Scotiabank",564,3,3474.1333,-2,"evenStrength",6,5,"Mélodie Daoust","F","","Maddie Rooney","assist","successful","second",46.9793319702148,32.9930229187012,NA,0,0,0,"",""
"134","regular","2022-12-09","Scotiabank","Adidas",1,"ADI-SCO","Scotiabank",564,3,3475.6667,-2,"evenStrength",6,5,"Megan Keller","D","","Maddie Rooney","assist","successful","first",48.4881362915039,-4.27942657470703,NA,0,0,0,"",""
"135","regular","2022-12-09","Sonnet","Harvey's",0,"HAR-SON","Sonnet",51,1,300.93332,0,"evenStrength",5,5,"Iya Gavrilova","F","Nicole Hensley","Ann-Renée Desbiens","assist","successful","second",91.741096496582,15.8371391296387,NA,0,0,0,"",""
"136","regular","2022-12-09","Sonnet","Harvey's",0,"HAR-SON","Sonnet",51,1,303.06668,0,"evenStrength",5,5,"Micah Zandee-Hart","D","Nicole Hensley","Ann-Renée Desbiens","assist","successful","first",39.4352111816406,14.8312568664551,NA,0,0,0,"",""
"137","regular","2022-12-09","Sonnet","Harvey's",0,"HAR-SON","Sonnet",108,1,618.5333,1,"evenStrength",5,5,"Claire Thompson","D","Nicole Hensley","Ann-Renée Desbiens","assist","successful","second",32.3940353393555,-27.4158020019531,NA,0,0,0,"",""
"138","regular","2022-12-09","Sonnet","Harvey's",0,"HAR-SON","Sonnet",108,1,620.2,1,"evenStrength",5,5,"Erin Ambrose","D","Nicole Hensley","Ann-Renée Desbiens","assist","successful","first",37.4155807495117,30.4294128417969,NA,0,0,0,"",""
"139","regular","2022-12-09","Harvey's","Sonnet",1,"HAR-SON","Harvey's",573,3,3441.5334,-2,"evenStrength",6,5,"Marie-Philip Poulin","F","","Nicole Hensley","assist","successful","second",86.8030242919922,36.9716873168945,NA,0,0,0,"",""
"140","regular","2022-12-09","Harvey's","Sonnet",1,"HAR-SON","Harvey's",573,3,3445,-2,"evenStrength",6,5,"Laura Fortino","D","","Nicole Hensley","assist","successful","first",29.9706726074219,12.3275680541992,NA,0,0,0,"",""
"141","regular","2022-12-10","Adidas","Sonnet",0,"ADI-SON","Adidas",153,1,875.3,0,"powerPlay",5,4,"Kayla Vespa","F","Aerin Frankel","Erica Howe","assist","successful","second",93.7970581054688,18.8588218688965,NA,0,0,0,"",""
"142","regular","2022-12-10","Adidas","Sonnet",0,"ADI-SON","Adidas",153,1,876.86664,0,"powerPlay",5,4,"Meaghan Mikkelson","D","Aerin Frankel","Erica Howe","assist","successful","first",59.5970611572266,30.4264678955078,NA,0,0,0,"",""
"143","regular","2022-12-10","Adidas","Sonnet",0,"ADI-SON","Adidas",297,2,1727.8334,1,"evenStrength",5,5,"Sarah Potomak","F","Aerin Frankel","Erica Howe","assist","successful","second",97.2655792236328,-18.3558807373047,NA,0,0,0,"",""
"144","regular","2022-12-10","Adidas","Sonnet",0,"ADI-SON","Adidas",297,2,1729.1666,1,"evenStrength",5,5,"Sarah Nurse","F","Aerin Frankel","Erica Howe","assist","successful","first",87.2067565917969,21.3764705657959,NA,0,0,0,"",""
"145","regular","2022-12-10","Adidas","Sonnet",0,"ADI-SON","Sonnet",579,3,3446.0667,2,"evenStrength",5,6,"Sarah Potomak","F","Aerin Frankel","","assist","successful","second",-39.4352111816406,22.3863906860352,NA,0,0,0,"",""
"146","regular","2022-12-10","Adidas","Sonnet",0,"ADI-SON","Adidas",580,3,3449.0334,2,"evenStrength",5,6,"Kendall Coyne Schofield","F","Aerin Frankel","","assist","successful","first",-40.944034576416,-30.9253749847412,NA,0,0,0,"",""
"147","regular","2022-12-10","Adidas","Sonnet",0,"ADI-SON","Adidas",592,3,3513.6,3,"evenStrength",5,6,"Kayla Vespa","F","Aerin Frankel","","assist","successful","first",-73.6352081298828,37.9775695800781,NA,0,0,0,"",""
"148","regular","2022-12-10","Harvey's","Scotiabank",0,"HAR-SCO","Harvey's",64,1,334.4,0,"evenStrength",5,5,"Jamie Lee Rattray","F","Geneviève Lacasse","Kristen Campbell","assist","successful","first",64.6814727783203,12.8235282897949,NA,0,0,0,"",""
"149","regular","2022-12-10","Harvey's","Scotiabank",0,"HAR-SCO","Harvey's",160,1,929.76666,1,"evenStrength",5,5,"Lee Stecklein","D","Geneviève Lacasse","Kristen Campbell","assist","successful","second",-95.7567520141602,3.77058792114258,NA,0,0,0,"",""
"150","regular","2022-12-10","Harvey's","Scotiabank",0,"HAR-SCO","Harvey's",160,1,932.0333,1,"evenStrength",5,5,"Alexa Gruschow","F","Geneviève Lacasse","Kristen Campbell","assist","successful","first",-49.9891090393066,-34.4529418945312,NA,0,0,0,"",""
"151","regular","2022-12-10","Harvey's","Scotiabank",0,"HAR-SCO","Harvey's",229,2,1380,2,"evenStrength",5,5,"Emily Clark","F","Geneviève Lacasse","Kristen Campbell","assist","successful","second",53.0074615478516,35.000171661377,NA,0,0,0,"",""
"152","regular","2022-12-10","Harvey's","Scotiabank",0,"HAR-SCO","Harvey's",229,2,1382.6333,2,"evenStrength",5,5,"Marie-Philip Poulin","F","Geneviève Lacasse","Kristen Campbell","assist","successful","first",45.9662857055664,34.4972305297852,NA,0,0,0,"",""
"153","regular","2023-01-21","Scotiabank","Adidas",1,"ADI-SCO","Scotiabank",54,1,329.4,0,"evenStrength",5,5,"Blayre Turnbull","F","Emerance Maschmeyer","Shea Tiley","assist","successful","first",76.2491302490234,-14.8382358551025,NA,0,0,0,"",""
"154","regular","2023-01-21","Scotiabank","Adidas",1,"ADI-SCO","Scotiabank",516,3,2863.5334,1,"powerPlay",5,4,"Brigette Lacquette","D","Kristen Campbell","Shea Tiley","assist","successful","second",68.2020721435547,-39.4823532104492,NA,0,0,0,"",""
"155","regular","2023-01-21","Scotiabank","Adidas",1,"ADI-SCO","Scotiabank",516,3,2866.4333,1,"powerPlay",5,4,"Ella Shelton","D","Kristen Campbell","Shea Tiley","assist","successful","first",41.0432434082031,-14.8382358551025,NA,0,0,0,"",""
"156","regular","2023-01-21","Scotiabank","Adidas",1,"ADI-SCO","Scotiabank",542,3,2996.3,2,"evenStrength",5,5,"Nicole Kosta","F","Kristen Campbell","Shea Tiley","assist","successful","second",-32.3861694335938,38.4735260009766,NA,0,0,0,"",""
"157","regular","2023-01-21","Scotiabank","Adidas",1,"ADI-SCO","Scotiabank",542,3,3000.0667,2,"evenStrength",5,5,"Rebecca Johnston","F","Kristen Campbell","Shea Tiley","assist","successful","first",73.2314758300781,17.3499984741211,NA,0,0,0,"",""
"158","regular","2023-01-21","Harvey's","Sonnet",1,"HAR-SON","Harvey's",15,1,79.23333,0,"evenStrength",5,5,"Savannah Harmon","D","Geneviève Lacasse","Nicole Hensley","assist","successful","second",-81.2785339355469,11.8205871582031,NA,0,0,0,"",""
"159","regular","2023-01-21","Harvey's","Sonnet",1,"HAR-SON","Harvey's",15,1,85.6,0,"evenStrength",5,5,"Jamie Lee Rattray","F","Geneviève Lacasse","Nicole Hensley","assist","successful","first",35.4038162231445,33.9500007629395,NA,0,0,0,"",""
"160","regular","2023-01-21","Sonnet","Harvey's",0,"HAR-SON","Sonnet",276,2,1732.3,-1,"evenStrength",5,5,"Abby Roque","F","Nicole Hensley","Geneviève Lacasse","assist","successful","first",67.5920486450195,40.4882354736328,NA,0,0,0,"",""
"161","regular","2023-01-21","Sonnet","Harvey's",0,"HAR-SON","Sonnet",459,3,2777.0334,-1,"evenStrength",5,5,"Samantha Cogan","F","Nicole Hensley","Geneviève Lacasse","assist","successful","second",70.2138366699219,-39.985294342041,NA,0,0,0,"",""
"162","regular","2023-01-21","Sonnet","Harvey's",0,"HAR-SON","Sonnet",460,3,2784.6667,-1,"evenStrength",5,5,"Brianne Jenner","F","Nicole Hensley","Geneviève Lacasse","assist","successful","first",65.6873626708984,-39.985294342041,NA,0,0,0,"",""
"163","regular","2023-01-21","Harvey's","Sonnet",1,"HAR-SON","Sonnet",567,3,3343.1333,0,"evenStrength",5,5,"Emily Clark","F","Geneviève Lacasse","Nicole Hensley","assist","successful","second",95.7567520141602,-26.4029388427734,NA,0,0,0,"",""
"164","regular","2023-01-21","Harvey's","Sonnet",1,"HAR-SON","Harvey's",568,3,3346.2666,0,"evenStrength",5,5,"Jessie Eldridge","F","Geneviève Lacasse","Nicole Hensley","assist","successful","first",92.2361679077148,-28.9176483154297,NA,0,0,0,"",""
"165","regular","2023-01-22","Harvey's","Adidas",0,"ADI-HAR","Adidas",150,1,849.2,0,"evenStrength",5,5,"Kristen Richards","D","Ann-Renée Desbiens","Maddie Rooney","assist","successful","second",-18.8146209716797,-29.9194927215576,NA,0,0,0,"",""
"166","regular","2023-01-22","Harvey's","Adidas",0,"ADI-HAR","Harvey's",151,1,855.1667,0,"evenStrength",5,5,"Hayley Scamurra","F","Ann-Renée Desbiens","Maddie Rooney","assist","successful","first",45.0588989257812,12.830509185791,NA,0,0,0,"",""
"167","regular","2023-01-22","Harvey's","Adidas",0,"ADI-HAR","Harvey's",310,2,1655.6333,2,"evenStrength",5,5,"Savannah Harmon","D","Ann-Renée Desbiens","Maddie Rooney","assist","successful","second",73.6320724487305,-32.0358734130859,NA,0,0,0,"",""
"168","regular","2023-01-22","Harvey's","Adidas",0,"ADI-HAR","Harvey's",310,2,1656.4333,2,"evenStrength",5,5,"Hayley Scamurra","F","Ann-Renée Desbiens","Maddie Rooney","assist","successful","first",68.6026611328125,-12.9241065979004,NA,0,0,0,"",""
"169","regular","2023-01-22","Adidas","Harvey's",1,"ADI-HAR","Adidas",316,2,1688.8,-3,"evenStrength",5,5,"Laura Stacey","F","Maddie Rooney","Ann-Renée Desbiens","assist","successful","second",67.6943969726562,38.9764709472656,NA,0,0,0,"",""
"170","regular","2023-01-22","Adidas","Harvey's",1,"ADI-HAR","Adidas",316,2,1690.6666,-3,"evenStrength",5,5,"Sarah Nurse","F","Maddie Rooney","Ann-Renée Desbiens","assist","successful","first",52.1032257080078,0.25,NA,0,0,0,"",""
"171","regular","2023-01-22","Harvey's","Adidas",0,"ADI-HAR","Harvey's",600,3,3347.3333,2,"evenStrength",5,5,"Jessie Eldridge","F","Ann-Renée Desbiens","Maddie Rooney","assist","successful","second",-19.3175582885742,36.467658996582,NA,0,0,0,"",""
"172","regular","2023-01-22","Harvey's","Adidas",0,"ADI-HAR","Harvey's",600,3,3350.4333,2,"evenStrength",5,5,"Emily Clark","F","Ann-Renée Desbiens","Maddie Rooney","assist","successful","first",15.8883285522461,7.80001068115234,NA,0,0,0,"",""
"173","regular","2023-01-22","Sonnet","Scotiabank",1,"SCO-SON","Sonnet",64,1,346.63333,0,"powerPlay",5,4,"Hannah Brandt","F","Nicole Hensley","Kristen Campbell","assist","successful","first",91.238151550293,24.443021774292,NA,0,0,0,"",""
"174","regular","2023-01-22","Scotiabank","Sonnet",0,"SCO-SON","Scotiabank",175,1,1023.0333,-1,"evenStrength",5,5,"Alex Carpenter","F","Kristen Campbell","Nicole Hensley","assist","successful","second",-8.25288391113281,-38.9724273681641,NA,0,0,0,"",""
"175","regular","2023-01-22","Scotiabank","Sonnet",0,"SCO-SON","Scotiabank",175,1,1027.0333,-1,"evenStrength",5,5,"Blayre Turnbull","F","Kristen Campbell","Nicole Hensley","assist","successful","first",64.1706390380859,-37.4636039733887,NA,0,0,0,"",""
"176","regular","2023-01-22","Scotiabank","Sonnet",0,"SCO-SON","Scotiabank",342,2,2003.7,0,"evenStrength",5,5,"Rebecca Johnston","F","Kristen Campbell","Nicole Hensley","assist","successful","second",46.4763793945312,-22.3853073120117,NA,0,0,0,"",""
"177","regular","2023-01-22","Scotiabank","Sonnet",0,"SCO-SON","Scotiabank",342,2,2005.1666,0,"evenStrength",5,5,"Megan Keller","D","Kristen Campbell","Nicole Hensley","assist","successful","first",37.9263801574707,20.8676357269287,NA,0,0,0,"",""
"178","regular","2023-01-22","Scotiabank","Sonnet",0,"SCO-SON","Scotiabank",409,3,2408.8667,1,"evenStrength",5,5,"Jaime Bourbonnais","D","Kristen Campbell","Nicole Hensley","assist","successful","second",-79.1596984863281,-34.955883026123,NA,0,0,0,"",""
"179","regular","2023-01-22","Scotiabank","Sonnet",0,"SCO-SON","Scotiabank",409,3,2412.2666,1,"evenStrength",5,5,"Kelly Pannek","F","Kristen Campbell","Nicole Hensley","assist","successful","first",-8.74793243408203,-12.8264694213867,NA,0,0,0,"",""
"180","regular","2023-01-22","Scotiabank","Sonnet",0,"SCO-SON","Scotiabank",501,3,2941.7666,2,"evenStrength",5,5,"Kelly Pannek","F","Kristen Campbell","Nicole Hensley","assist","successful","first",93.3464813232422,17.3499984741211,NA,0,0,0,"",""
"181","regular","2023-01-22","Scotiabank","Sonnet",0,"SCO-SON","Scotiabank",512,3,3015.0667,3,"evenStrength",5,5,"Megan Keller","D","Kristen Campbell","Nicole Hensley","assist","successful","second",-57.5332260131836,-28.4176464080811,NA,0,0,0,"",""
"182","regular","2023-01-22","Scotiabank","Sonnet",0,"SCO-SON","Scotiabank",512,3,3017.2334,3,"evenStrength",5,5,"Madison Field","F","Kristen Campbell","Nicole Hensley","assist","successful","first",-10.2567520141602,-38.4764709472656,NA,0,0,0,"",""
"183","regular","2023-01-22","Scotiabank","Sonnet",0,"SCO-SON","Scotiabank",597,3,3526.4333,4,"evenStrength",5,5,"Kelly Pannek","F","Kristen Campbell","Lindsay Browning","assist","successful","second",-5.73028564453125,-36.9676475524902,NA,0,0,0,"",""
"184","regular","2023-01-22","Scotiabank","Sonnet",0,"SCO-SON","Scotiabank",597,3,3531,4,"evenStrength",5,5,"Nicole Kosta","F","Kristen Campbell","Lindsay Browning","assist","successful","first",71.2197113037109,-20.8735294342041,NA,0,0,0,"",""
"185","regular","2023-02-10","Adidas","Sonnet",1,"ADI-SON","Adidas",37,1,209.93333,0,"evenStrength",5,5,"Laura Stacey","F","Maddie Rooney","Erica Howe","assist","successful","second",-76.6528778076172,39.0952072143555,NA,0,0,0,"",""
"186","regular","2023-02-10","Adidas","Sonnet",1,"ADI-SON","Adidas",38,1,215.3,0,"evenStrength",5,5,"Kristin ONeill","F","Maddie Rooney","Erica Howe","assist","successful","first",93.8441772460938,26.5216751098633,NA,0,0,0,"",""
"187","regular","2023-02-10","Adidas","Sonnet",1,"ADI-SON","Adidas",50,1,284.2,1,"evenStrength",5,5,"Renata Fast","D","Maddie Rooney","Erica Howe","assist","successful","second",60.1471099853516,4.39226531982422,NA,0,0,0,"",""
"188","regular","2023-02-10","Adidas","Sonnet",1,"ADI-SON","Adidas",50,1,285.3,1,"evenStrength",5,5,"Sarah Potomak","F","Maddie Rooney","Erica Howe","assist","successful","first",79.7618255615234,-3.65479278564453,NA,0,0,0,"",""
"189","regular","2023-02-10","Adidas","Sonnet",1,"ADI-SON","Adidas",83,1,468.3,2,"evenStrength",5,5,"Kayla Vespa","F","Maddie Rooney","Erica Howe","assist","successful","second",74.2347106933594,39.4794082641602,NA,0,0,0,"",""
"190","regular","2023-02-10","Adidas","Sonnet",1,"ADI-SON","Adidas",84,1,469.83334,2,"evenStrength",5,5,"Laura Stacey","F","Maddie Rooney","Erica Howe","assist","successful","first",77.7553100585938,7.29117584228516,NA,0,0,0,"",""
"191","regular","2023-02-10","Harvey's","Scotiabank",1,"HAR-SCO","Harvey's",128,1,726.26666,0,"evenStrength",5,5,"Lauriane Rougeau","D","Ann-Renée Desbiens","Amanda Makela","assist","successful","second",-42.0491333007812,37.470588684082,NA,0,0,0,"",""
"192","regular","2023-02-10","Harvey's","Scotiabank",1,"HAR-SCO","Harvey's",128,1,728.7,0,"evenStrength",5,5,"Laura Fortino","D","Ann-Renée Desbiens","Amanda Makela","assist","successful","first",-28.4697113037109,-32.9411773681641,NA,0,0,0,"",""
"193","regular","2023-02-10","Harvey's","Scotiabank",1,"HAR-SCO","Harvey's",180,1,988.6,1,"evenStrength",5,5,"Sophia Shaver","F","Ann-Renée Desbiens","Amanda Makela","assist","successful","first",-18.9181900024414,14.328311920166,NA,0,0,0,"",""
"194","regular","2023-02-10","Scotiabank","Harvey's",0,"HAR-SCO","Scotiabank",193,1,1066.2,-2,"evenStrength",5,5,"Nicole Kosta","F","Amanda Makela","Ann-Renée Desbiens","assist","successful","second",18.4152450561523,36.46875,NA,0,0,0,"",""
"195","regular","2023-02-10","Scotiabank","Harvey's",0,"HAR-SCO","Scotiabank",195,1,1069.9667,-2,"evenStrength",5,5,"Rebecca Johnston","F","Amanda Makela","Ann-Renée Desbiens","assist","successful","first",62.1588745117188,39.4863815307617,NA,0,0,0,"",""
"196","regular","2023-02-10","Scotiabank","Harvey's",0,"HAR-SCO","Scotiabank",211,1,1141.9333,-1,"evenStrength",5,5,"Madison Field","F","Amanda Makela","Ann-Renée Desbiens","assist","successful","first",82.7917175292969,7.80110168457031,NA,0,0,0,"",""
"197","regular","2023-02-10","Harvey's","Scotiabank",1,"HAR-SCO","Harvey's",337,2,1875.9667,0,"evenStrength",5,5,"Emily Clark","F","Ann-Renée Desbiens","Amanda Makela","assist","successful","second",93.3465118408203,13.3264694213867,NA,0,0,0,"",""
"198","regular","2023-02-10","Harvey's","Scotiabank",1,"HAR-SCO","Harvey's",337,2,1877.7333,0,"evenStrength",5,5,"Jacquie Greco","D","Ann-Renée Desbiens","Amanda Makela","assist","successful","first",38.5206451416016,22.3863754272461,NA,0,0,0,"",""
"199","regular","2023-02-10","Harvey's","Scotiabank",1,"HAR-SCO","Harvey's",402,2,2237.6333,1,"powerPlay",5,4,"Lee Stecklein","D","Ann-Renée Desbiens","Amanda Makela","assist","successful","second",47.599365234375,38.9802093505859,NA,0,0,0,"",""
"200","regular","2023-02-10","Harvey's","Scotiabank",1,"HAR-SCO","Harvey's",402,2,2242.3667,1,"powerPlay",5,4,"Emily Clark","F","Ann-Renée Desbiens","Amanda Makela","assist","successful","first",65.7060852050781,4.77864074707031,NA,0,0,0,"",""
"201","regular","2023-02-11","Adidas","Harvey's",1,"ADI-HAR","Adidas",126,1,845.63336,0,"powerPlay",5,4,"Renata Fast","D","Aerin Frankel","Geneviève Lacasse","assist","successful","second",37.5226593017578,35.9588241577148,NA,0,0,0,"",""
"202","regular","2023-02-11","Adidas","Harvey's",1,"ADI-HAR","Adidas",126,1,847.5,0,"powerPlay",5,4,"Jocelyne Larocque","D","Aerin Frankel","Geneviève Lacasse","assist","successful","first",44.07861328125,-8.29056930541992,NA,0,0,0,"",""
"203","regular","2023-02-11","Harvey's","Adidas",0,"ADI-HAR","Harvey's",460,3,2735.5334,-1,"powerPlay",5,4,"Laura Fortino","D","Geneviève Lacasse","Aerin Frankel","assist","successful","second",-64.1785430908203,-24.8941192626953,NA,0,0,0,"",""
"204","regular","2023-02-11","Harvey's","Adidas",0,"ADI-HAR","Harvey's",461,3,2736.5,-1,"powerPlay",5,4,"Sophia Shaver","F","Geneviève Lacasse","Aerin Frankel","assist","successful","first",-20.4226531982422,-3.77058792114258,NA,0,0,0,"",""
"205","regular","2023-02-11","Adidas","Harvey's",1,"ADI-HAR","Adidas",627,4,3826.9333,0,"evenStrength",3,3,"Sarah Potomak","F","Aerin Frankel","Geneviève Lacasse","assist","successful","second",39.0314788818359,-36.4647064208984,NA,0,0,0,"",""
"206","regular","2023-02-11","Adidas","Harvey's",1,"ADI-HAR","Adidas",627,4,3829.7,0,"evenStrength",3,3,"Amanda Kessel","F","Aerin Frankel","Geneviève Lacasse","assist","successful","first",48.0844268798828,3.77058792114258,NA,0,0,0,"",""
"207","regular","2023-02-11","Scotiabank","Sonnet",0,"SCO-SON","Scotiabank",112,1,690.13336,0,"evenStrength",5,5,"Jaime Bourbonnais","D","Kristen Campbell","Nicole Hensley","assist","successful","second",-89.7214584350586,-31.4352931976318,NA,0,0,0,"",""
"208","regular","2023-02-11","Scotiabank","Sonnet",0,"SCO-SON","Scotiabank",112,1,691.5,0,"evenStrength",5,5,"Alex Carpenter","F","Kristen Campbell","Nicole Hensley","assist","successful","first",-45.4626388549805,-39.985294342041,NA,0,0,0,"",""
"209","regular","2023-02-11","Sonnet","Scotiabank",1,"SCO-SON","Sonnet",261,2,1599.6333,-2,"powerPlay",5,4,"Abby Roque","F","Nicole Hensley","Kristen Campbell","assist","successful","second",45.5697174072266,-35.9617652893066,NA,0,0,0,"",""
"210","regular","2023-02-11","Sonnet","Scotiabank",1,"SCO-SON","Sonnet",261,2,1601.7667,-2,"powerPlay",5,4,"Erin Ambrose","D","Nicole Hensley","Kristen Campbell","assist","successful","first",43.0550079345703,-4.77941131591797,NA,0,0,0,"",""
"211","regular","2023-02-11","Scotiabank","Sonnet",0,"SCO-SON","Scotiabank",505,3,3144,1,"powerPlay",5,4,"Kelly Pannek","F","Kristen Campbell","Nicole Hensley","assist","successful","second",72.2177429199219,-5.27645874023438,NA,0,0,0,"",""
"212","regular","2023-02-11","Scotiabank","Sonnet",0,"SCO-SON","Scotiabank",505,3,3144.9,1,"powerPlay",5,4,"Mélodie Daoust","F","Kristen Campbell","Nicole Hensley","assist","successful","first",79.7618255615234,-1.69891357421875,NA,0,0,0,"",""
"213","regular","2023-02-24","Sonnet","Adidas",1,"ADI-SON","Sonnet",75,1,454.53333,0,"evenStrength",5,5,"Abby Roque","F","Nicole Hensley","Aerin Frankel","assist","successful","first",86.8108978271484,17.3499984741211,NA,0,0,0,"",""
"214","regular","2023-02-24","Adidas","Sonnet",0,"ADI-SON","Adidas",176,1,1075.7667,-2,"evenStrength",5,5,"Kayla Vespa","F","Aerin Frankel","Nicole Hensley","assist","successful","second",50.9949913024902,-38.9764709472656,NA,0,0,0,"",""
"215","regular","2023-02-24","Adidas","Sonnet",0,"ADI-SON","Adidas",176,1,1084.9667,-2,"evenStrength",5,5,"Laura Stacey","F","Aerin Frankel","Nicole Hensley","assist","successful","first",83.686164855957,-27.9117660522461,NA,0,0,0,"",""
"216","regular","2023-02-24","Adidas","Sonnet",0,"ADI-SON","Adidas",335,2,2014.2667,-1,"evenStrength",5,5,"Jill Saulnier","F","Aerin Frankel","Nicole Hensley","assist","successful","second",63.6755981445312,-27.9147052764893,NA,0,0,0,"",""
"217","regular","2023-02-24","Adidas","Sonnet",0,"ADI-SON","Adidas",335,2,2018.0667,-1,"evenStrength",5,5,"Kaitlin Willoughby","F","Aerin Frankel","Nicole Hensley","assist","successful","first",43.0550079345703,9.30294036865234,NA,0,0,0,"",""
"218","regular","2023-02-24","Adidas","Sonnet",0,"ADI-SON","Adidas",514,3,3078,0,"evenStrength",5,5,"Laura Dostaler","F","Aerin Frankel","Nicole Hensley","assist","successful","second",-11.3697128295898,6.79117584228516,NA,0,0,0,"",""
"219","regular","2023-02-24","Adidas","Sonnet",0,"ADI-SON","Adidas",514,3,3081.3,0,"evenStrength",5,5,"Emily Curlett","D","Aerin Frankel","Nicole Hensley","assist","successful","first",59.042049407959,17.8558826446533,NA,0,0,0,"",""
"220","regular","2023-02-24","Scotiabank","Harvey's",1,"HAR-SCO","Scotiabank",54,1,285.63333,0,"evenStrength",5,5,"Jaime Bourbonnais","D","Emerance Maschmeyer","Ann-Renée Desbiens","assist","successful","second",83.1911163330078,-34.4569702148438,NA,0,0,0,"",""
"221","regular","2023-02-24","Scotiabank","Harvey's",1,"HAR-SCO","Scotiabank",55,1,287.76666,0,"evenStrength",5,5,"Blayre Turnbull","F","Emerance Maschmeyer","Ann-Renée Desbiens","assist","successful","first",68.6058197021484,-39.4863815307617,NA,0,0,0,"",""
"222","regular","2023-02-24","Scotiabank","Harvey's",1,"HAR-SCO","Scotiabank",102,1,512.56665,0,"evenStrength",5,5,"Alex Carpenter","F","Emerance Maschmeyer","Ann-Renée Desbiens","assist","successful","second",83.1832275390625,22.3823528289795,NA,0,0,0,"",""
"223","regular","2023-02-24","Scotiabank","Harvey's",1,"HAR-SCO","Scotiabank",102,1,514.2,0,"evenStrength",5,5,"Grace Graham","F","Emerance Maschmeyer","Ann-Renée Desbiens","assist","successful","first",61.556755065918,9.30588150024414,NA,0,0,0,"",""
"224","regular","2023-02-24","Scotiabank","Harvey's",1,"HAR-SCO","Scotiabank",183,1,975.3,1,"evenStrength",5,5,"Makayla Langei","D","Emerance Maschmeyer","Ann-Renée Desbiens","assist","successful","second",-93.34912109375,23.8911762237549,NA,0,0,0,"",""
"225","regular","2023-02-24","Scotiabank","Harvey's",1,"HAR-SCO","Scotiabank",184,1,988.3333,1,"evenStrength",5,5,"Blayre Turnbull","F","Emerance Maschmeyer","Ann-Renée Desbiens","assist","successful","first",36.9126396179199,-7.79411697387695,NA,0,0,0,"",""
"226","regular","2023-02-24","Harvey's","Scotiabank",0,"HAR-SCO","Harvey's",429,3,2418.6,-2,"evenStrength",5,5,"Marie-Philip Poulin","F","Ann-Renée Desbiens","Emerance Maschmeyer","assist","successful","first",69.7030029296875,-20.8665618896484,NA,0,0,0,"",""
"227","regular","2023-02-25","Adidas","Scotiabank",1,"ADI-SCO","Adidas",83,1,431.73334,0,"evenStrength",5,5,"Laura Dostaler","F","Maddie Rooney","Amanda Makela","assist","successful","first",-38.4214630126953,37.467643737793,NA,0,0,0,"",""
"228","regular","2023-02-25","Scotiabank","Adidas",0,"ADI-SCO","Scotiabank",121,1,676.4,-1,"evenStrength",5,5,"Jaime Bourbonnais","D","Amanda Makela","Maddie Rooney","assist","successful","first",-34.0020751953125,-17.3499984741211,NA,0,0,0,"",""
"229","regular","2023-02-25","Adidas","Scotiabank",1,"ADI-SCO","Adidas",167,1,950.13336,0,"evenStrength",5,5,"Jill Saulnier","F","Maddie Rooney","Amanda Makela","assist","successful","first",-7.74205017089844,-5.28235244750977,NA,0,0,0,"",""
"230","regular","2023-02-25","Adidas","Scotiabank",1,"ADI-SCO","Adidas",303,2,1733.1666,2,"powerPlay",5,4,"Kayla Vespa","F","Maddie Rooney","Amanda Makela","assist","successful","first",27.8596954345703,-35.9588241577148,NA,0,0,0,"",""
"231","regular","2023-02-25","Scotiabank","Adidas",0,"ADI-SCO","Scotiabank",311,2,1770.5333,-3,"evenStrength",5,5,"Shannon Stewart","F","Amanda Makela","Maddie Rooney","assist","successful","second",-59.042049407959,-18.8617649078369,NA,0,0,0,"",""
"232","regular","2023-02-25","Scotiabank","Adidas",0,"ADI-SCO","Scotiabank",311,2,1774.2,-3,"evenStrength",5,5,"Nicole Kosta","F","Amanda Makela","Maddie Rooney","assist","successful","first",-39.9302864074707,-35.9617652893066,NA,0,0,0,"",""
"233","regular","2023-02-25","Adidas","Scotiabank",1,"ADI-SCO","Adidas",406,2,2387.7,2,"evenStrength",5,5,"Renata Fast","D","Maddie Rooney","Amanda Makela","assist","successful","second",-75.7461853027344,33.4470596313477,NA,0,0,0,"",""
"234","regular","2023-02-25","Adidas","Scotiabank",1,"ADI-SCO","Adidas",406,2,2389.5334,2,"evenStrength",5,5,"Kayla Vespa","F","Maddie Rooney","Amanda Makela","assist","successful","first",-5.83736419677734,-1.25588226318359,NA,0,0,0,"",""
"235","regular","2023-02-25","Adidas","Scotiabank",1,"ADI-SCO","Adidas",465,3,2771.1667,3,"evenStrength",5,5,"Laura Stacey","F","Maddie Rooney","Amanda Makela","assist","successful","first",88.3197174072266,-18.3588237762451,NA,0,0,0,"",""
"236","regular","2023-02-25","Scotiabank","Adidas",0,"ADI-SCO","Scotiabank",526,3,3179.0667,-4,"evenStrength",5,5,"Jaime Bourbonnais","D","Amanda Makela","Maddie Rooney","assist","successful","second",-59.1491241455078,-29.9235305786133,NA,0,0,0,"",""
"237","regular","2023-02-25","Scotiabank","Adidas",0,"ADI-SCO","Scotiabank",527,3,3188.3667,-4,"evenStrength",5,5,"Kelly Pannek","F","Amanda Makela","Maddie Rooney","assist","successful","first",91.2302856445312,-24.8941192626953,NA,0,0,0,"",""
"238","regular","2023-02-25","Sonnet","Harvey's",1,"HAR-SON","Sonnet",0,1,59.866665,0,"evenStrength",5,5,"Micah Zandee-Hart","D","Lindsay Browning","Marlène Boissonnault","assist","successful","first",55.1255950927734,-0.252941131591797,NA,0,0,0,"",""
"239","regular","2023-02-25","Sonnet","Harvey's",1,"HAR-SON","Sonnet",1,1,119.86667,1,"evenStrength",5,5,"Brianne Jenner","F","Lindsay Browning","Marlène Boissonnault","assist","successful","first",55.6285400390625,-0.252941131591797,NA,0,0,0,"",""
"240","regular","2023-02-25","Harvey's","Sonnet",0,"HAR-SON","Harvey's",129,2,1277.4667,-2,"evenStrength",5,5,"Sophia Shaver","F","Marlène Boissonnault","Lindsay Browning","assist","successful","first",84.7991333007812,-13.8323535919189,NA,0,0,0,"",""
"241","regular","2023-02-25","Harvey's","Sonnet",0,"HAR-SON","Harvey's",161,2,1473.0667,-1,"evenStrength",5,5,"Marie-Philip Poulin","F","Marlène Boissonnault","Lindsay Browning","assist","successful","second",80.2726593017578,27.9117660522461,NA,0,0,0,"",""
"242","regular","2023-02-25","Harvey's","Sonnet",0,"HAR-SON","Harvey's",161,2,1474.8667,-1,"evenStrength",5,5,"Jacquie Greco","D","Marlène Boissonnault","Lindsay Browning","assist","successful","first",44.5638275146484,24.8941192626953,NA,0,0,0,"",""
"243","regular","2023-02-25","Harvey's","Sonnet",0,"HAR-SON","Harvey's",201,2,1707.8,0,"evenStrength",5,5,"Emily Clark","F","Marlène Boissonnault","Lindsay Browning","assist","successful","first",59.1491241455078,-7.79705810546875,NA,0,0,0,"",""
"244","regular","2023-02-25","Harvey's","Sonnet",0,"HAR-SON","Harvey's",461,3,3305.9333,1,"evenStrength",5,5,"Emily Clark","F","Marlène Boissonnault","Lindsay Browning","assist","successful","second",8.24498748779297,29.4235305786133,NA,0,0,0,"",""
"245","regular","2023-02-25","Harvey's","Sonnet",0,"HAR-SON","Harvey's",461,3,3309.3667,1,"evenStrength",5,5,"Lee Stecklein","D","Marlène Boissonnault","Lindsay Browning","assist","successful","first",31.8832244873047,-30.9294128417969,NA,0,0,0,"",""
"246","regular","2023-02-26","Sonnet","Adidas",0,"ADI-SON","Sonnet",142,1,800,0,"evenStrength",5,5,"Claire Thompson","D","Nicole Hensley","Sydney Scobee","assist","successful","second",42.0430145263672,-39.4823532104492,NA,0,0,0,"",""
"247","regular","2023-02-26","Sonnet","Adidas",0,"ADI-SON","Sonnet",142,1,801.1,0,"evenStrength",5,5,"Hilary Knight","F","Nicole Hensley","Sydney Scobee","assist","successful","first",46.0665435791016,-16.3470592498779,NA,0,0,0,"",""
"248","regular","2023-02-26","Sonnet","Adidas",0,"ADI-SON","Sonnet",610,3,3539.9666,1,"evenStrength",5,6,"Brianne Jenner","F","Nicole Hensley","","assist","successful","first",92.8382873535156,-28.801851272583,NA,0,0,0,"",""
"249","regular","2023-02-26","Harvey's","Scotiabank",1,"HAR-SCO","Harvey's",191,1,1093.5,0,"evenStrength",5,5,"Marie-Philip Poulin","F","Ann-Renée Desbiens","Kristen Campbell","assist","successful","first",43.5579528808594,13.8294105529785,NA,0,0,0,"",""
"250","regular","2023-02-26","Scotiabank","Harvey's",0,"HAR-SCO","Scotiabank",267,2,1530.9333,-1,"evenStrength",5,5,"Victoria Bach","F","Kristen Campbell","Ann-Renée Desbiens","assist","successful","first",71.7200164794922,12.9911727905273,NA,0,0,0,"",""
"251","regular","2023-02-26","Harvey's","Scotiabank",1,"HAR-SCO","Harvey's",411,3,2442.4,0,"evenStrength",5,5,"Savannah Harmon","D","Ann-Renée Desbiens","Kristen Campbell","assist","successful","first",10.3577194213867,5.27941131591797,NA,0,0,0,"",""
"252","regular","2023-02-26","Harvey's","Scotiabank",1,"HAR-SCO","Harvey's",444,3,2693.6667,1,"evenStrength",5,5,"Marie-Philip Poulin","F","Ann-Renée Desbiens","Kristen Campbell","assist","successful","second",96.3606567382812,21.3735275268555,NA,0,0,0,"",""
"253","regular","2023-02-26","Harvey's","Scotiabank",1,"HAR-SCO","Harvey's",444,3,2694.8,1,"evenStrength",5,5,"Jessie Eldridge","F","Ann-Renée Desbiens","Kristen Campbell","assist","successful","first",78.7577209472656,13.8294105529785,NA,0,0,0,"",""
"254","regular","2023-02-26","Harvey's","Scotiabank",1,"HAR-SCO","Harvey's",532,3,3247.2666,2,"evenStrength",5,5,"Laura Fortino","D","Ann-Renée Desbiens","Kristen Campbell","assist","successful","second",-71.1126403808594,28.4147033691406,NA,0,0,0,"",""
"255","regular","2023-02-26","Harvey's","Scotiabank",1,"HAR-SCO","Harvey's",532,3,3253.4,2,"evenStrength",5,5,"Hayley Scamurra","F","Ann-Renée Desbiens","Kristen Campbell","assist","successful","first",51.6050109863281,29.9235305786133,NA,0,0,0,"",""
"256","regular","2023-03-04","Adidas","Harvey's",0,"ADI-HAR","Adidas",151,1,900.73334,0,"evenStrength",5,5,"Jill Saulnier","F","Aerin Frankel","Ann-Renée Desbiens","assist","successful","second",66.0832214355469,-15.8411750793457,NA,0,0,0,"",""
"257","regular","2023-03-04","Adidas","Harvey's",0,"ADI-HAR","Adidas",152,1,903.8,0,"evenStrength",5,5,"Amanda Kessel","F","Aerin Frankel","Ann-Renée Desbiens","assist","successful","first",84.6920471191406,25.9029407501221,NA,0,0,0,"",""
"258","regular","2023-03-04","Adidas","Harvey's",0,"ADI-HAR","Adidas",411,3,2490.0667,1,"evenStrength",5,5,"Renata Fast","D","Aerin Frankel","Ann-Renée Desbiens","assist","successful","second",-61.1529998779297,30.9253845214844,NA,0,0,0,"",""
"259","regular","2023-03-04","Adidas","Harvey's",0,"ADI-HAR","Adidas",411,3,2496.9,1,"evenStrength",5,5,"Laura Stacey","F","Aerin Frankel","Ann-Renée Desbiens","assist","successful","first",90.2244033813477,5.78529357910156,NA,0,0,0,"",""
"260","regular","2023-03-04","Harvey's","Adidas",1,"ADI-HAR","Harvey's",477,3,2891.7,-2,"evenStrength",5,5,"Jacquie Greco","D","Ann-Renée Desbiens","Aerin Frankel","assist","successful","second",-30.3744049072266,22.8823547363281,NA,0,0,0,"",""
"261","regular","2023-03-04","Harvey's","Adidas",1,"ADI-HAR","Harvey's",477,3,2896.3333,-2,"evenStrength",5,5,"Jamie Lee Rattray","F","Ann-Renée Desbiens","Aerin Frankel","assist","successful","first",61.160888671875,33.9470596313477,NA,0,0,0,"",""
"262","regular","2023-03-04","Adidas","Harvey's",0,"ADI-HAR","Adidas",595,3,3559.7666,1,"evenStrength",5,6,"Kristin ONeill","F","Aerin Frankel","","assist","successful","first",-19.4167709350586,-36.4617614746094,NA,0,0,0,"",""
"263","regular","2023-03-04","Scotiabank","Sonnet",1,"SCO-SON","Scotiabank",220,2,1288.8,0,"evenStrength",5,5,"Victoria Bach","F","Emerance Maschmeyer","Nicole Hensley","assist","successful","second",46.5677337646484,-32.9382247924805,NA,0,0,0,"",""
"264","regular","2023-03-04","Scotiabank","Sonnet",1,"SCO-SON","Scotiabank",220,2,1290.6333,0,"evenStrength",5,5,"Madison Field","F","Emerance Maschmeyer","Nicole Hensley","assist","successful","first",64.1706848144531,16.3500099182129,NA,0,0,0,"",""
"265","regular","2023-03-04","Sonnet","Scotiabank",0,"SCO-SON","Sonnet",371,2,2142.6667,-1,"evenStrength",5,5,"Abby Roque","F","Nicole Hensley","Emerance Maschmeyer","assist","successful","second",68.5979309082031,-22.3794097900391,NA,0,0,0,"",""
"266","regular","2023-03-04","Sonnet","Scotiabank",0,"SCO-SON","Sonnet",371,2,2143.0667,-1,"evenStrength",5,5,"Rebecca Leslie","F","Nicole Hensley","Emerance Maschmeyer","assist","successful","first",65.5802841186523,-15.8411750793457,NA,0,0,0,"",""
"267","regular","2023-03-04","Sonnet","Scotiabank",0,"SCO-SON","Sonnet",481,3,2800.7334,0,"powerPlay",5,4,"Claire Thompson","D","Nicole Hensley","Emerance Maschmeyer","assist","successful","second",-42.452880859375,34.9599075317383,NA,0,0,0,"",""
"268","regular","2023-03-04","Sonnet","Scotiabank",0,"SCO-SON","Sonnet",481,3,2809.0334,0,"powerPlay",5,4,"Hannah Brandt","F","Nicole Hensley","Emerance Maschmeyer","assist","successful","first",77.2471160888672,-12.3165626525879,NA,0,0,0,"",""
"269","regular","2023-03-04","Scotiabank","Sonnet",1,"SCO-SON","Scotiabank",537,3,3177.6667,-1,"evenStrength",5,5,"Ella Shelton","D","Emerance Maschmeyer","Nicole Hensley","assist","successful","first",85.6979293823242,5.78529357910156,NA,0,0,0,"",""
"270","regular","2023-03-04","Sonnet","Scotiabank",0,"SCO-SON","Sonnet",564,3,3284.6333,0,"powerPlay",5,4,"Brianne Jenner","F","Nicole Hensley","Emerance Maschmeyer","assist","successful","second",8.35206604003906,18.3558807373047,NA,0,0,0,"",""
"271","regular","2023-03-04","Sonnet","Scotiabank",0,"SCO-SON","Sonnet",564,3,3286.2666,0,"powerPlay",5,4,"Hannah Brandt","F","Nicole Hensley","Emerance Maschmeyer","assist","successful","first",32.4932403564453,37.970588684082,NA,0,0,0,"",""
"272","regular","2023-03-05","Adidas","Scotiabank",1,"ADI-SCO","Adidas",203,2,1236.2667,0,"evenStrength",5,5,"Amanda Kessel","F","Maddie Rooney","Kristen Campbell","assist","successful","second",95.8559417724609,17.8599090576172,NA,0,0,0,"",""
"273","regular","2023-03-05","Adidas","Scotiabank",1,"ADI-SCO","Adidas",203,2,1237.2333,0,"evenStrength",5,5,"Jill Saulnier","F","Maddie Rooney","Kristen Campbell","assist","successful","first",96.86181640625,-5.77832794189453,NA,0,0,0,"",""
"274","regular","2023-03-05","Scotiabank","Adidas",0,"ADI-SCO","Scotiabank",317,2,1924.9333,-1,"evenStrength",5,5,"Tatum Skaggs","F","Kristen Campbell","Maddie Rooney","assist","successful","second",89.726188659668,31.4352931976318,NA,0,0,0,"",""
"275","regular","2023-03-05","Scotiabank","Adidas",0,"ADI-SCO","Scotiabank",317,2,1927.9667,-1,"evenStrength",5,5,"Jaime Bourbonnais","D","Kristen Campbell","Maddie Rooney","assist","successful","first",43.4556007385254,36.9676475524902,NA,0,0,0,"",""
"276","regular","2023-03-05","Adidas","Scotiabank",1,"ADI-SCO","Adidas",332,2,2005.3667,0,"evenStrength",5,5,"Meaghan Mikkelson","D","Maddie Rooney","Kristen Campbell","assist","successful","second",30.9796905517578,30.4264678955078,NA,0,0,0,"",""
"277","regular","2023-03-05","Adidas","Scotiabank",1,"ADI-SCO","Adidas",332,2,2007.1333,0,"evenStrength",5,5,"Sarah Nurse","F","Maddie Rooney","Kristen Campbell","assist","successful","first",71.2149810791016,10.3088226318359,NA,0,0,0,"",""
"278","regular","2023-03-05","Adidas","Scotiabank",1,"ADI-SCO","Adidas",336,2,2033.7333,1,"evenStrength",5,5,"Kristin ONeill","F","Maddie Rooney","Kristen Campbell","assist","successful","second",31.4826354980469,-41.4941177368164,NA,0,0,0,"",""
"279","regular","2023-03-05","Adidas","Scotiabank",1,"ADI-SCO","Adidas",336,2,2037.0667,1,"evenStrength",5,5,"Laura Stacey","F","Maddie Rooney","Kristen Campbell","assist","successful","first",80.7708740234375,-3.27058792114258,NA,0,0,0,"",""
"280","regular","2023-03-05","Adidas","Scotiabank",1,"ADI-SCO","Adidas",519,3,3111.9,2,"evenStrength",5,5,"Emily Curlett","D","Maddie Rooney","Kristen Campbell","assist","successful","second",42.4497184753418,21.3764705657959,NA,0,0,0,"",""
"281","regular","2023-03-05","Adidas","Scotiabank",1,"ADI-SCO","Adidas",520,3,3114.4666,2,"evenStrength",5,5,"Sarah Nurse","F","Maddie Rooney","Kristen Campbell","assist","successful","first",94.2526626586914,6.28823471069336,NA,0,0,0,"",""
"282","regular","2023-03-05","Sonnet","Harvey's",1,"HAR-SON","Sonnet",370,2,2118.6333,0,"evenStrength",5,5,"Micah Zandee-Hart","D","Erica Howe","Geneviève Lacasse","assist","successful","second",94.2486343383789,-15.2482261657715,NA,0,0,0,"",""
"283","regular","2023-03-05","Sonnet","Harvey's",1,"HAR-SON","Sonnet",370,2,2120.4333,0,"evenStrength",5,5,"Brianne Jenner","F","Erica Howe","Geneviève Lacasse","assist","successful","first",85.1956939697266,23.4782466888428,NA,0,0,0,"",""
"284","regular","2023-03-05","Harvey's","Sonnet",0,"HAR-SON","Harvey's",530,3,3191.4333,-1,"powerPlay",5,3,"Savannah Harmon","D","Geneviève Lacasse","Erica Howe","assist","successful","second",51.5058212280273,-20.9334411621094,NA,0,0,0,"",""
"285","regular","2023-03-05","Harvey's","Sonnet",0,"HAR-SON","Harvey's",530,3,3192.0667,-1,"powerPlay",5,3,"Marie-Philip Poulin","F","Geneviève Lacasse","Erica Howe","assist","successful","first",85.7058181762695,-7.85696792602539,NA,0,0,0,"",""
"286","regular","2023-03-05","Harvey's","Sonnet",0,"HAR-SON","Harvey's",539,3,3274.9333,0,"powerPlay",5,4,"Marie-Philip Poulin","F","Geneviève Lacasse","Erica Howe","assist","successful","second",66.0911178588867,-34.5128479003906,NA,0,0,0,"",""
"287","regular","2023-03-05","Harvey's","Sonnet",0,"HAR-SON","Harvey's",539,3,3276.9666,0,"powerPlay",5,4,"Savannah Harmon","D","Geneviève Lacasse","Erica Howe","assist","successful","first",32.8969955444336,-22.4422607421875,NA,0,0,0,"",""
"288","regular","2023-03-05","Harvey's","Sonnet",0,"HAR-SON","Harvey's",585,3,3580.2666,1,"evenStrength",5,6,"Lee Stecklein","D","Geneviève Lacasse","","assist","successful","second",-97.3647613525391,0.748916625976562,NA,0,0,0,"",""
"289","regular","2023-03-05","Harvey's","Sonnet",0,"HAR-SON","Harvey's",586,3,3587.9,1,"evenStrength",5,6,"Marie-Philip Poulin","F","Geneviève Lacasse","","assist","successful","first",69.611701965332,14.8312683105469,NA,0,0,0,"",""
"290","playoffs","2023-03-10","Scotiabank","Adidas",1,"ADI-SCO","Scotiabank",62,1,359.56668,0,"evenStrength",5,5,"Tatum Skaggs","F","Kristen Campbell","Maddie Rooney","assist","successful","second",48.0844268798828,-33.9500007629395,NA,0,0,0,"",""
"291","playoffs","2023-03-10","Scotiabank","Adidas",1,"ADI-SCO","Scotiabank",62,1,362.3,0,"evenStrength",5,5,"Makayla Langei","D","Kristen Campbell","Maddie Rooney","assist","successful","first",52.1079559326172,36.4617614746094,NA,0,0,0,"",""
"292","playoffs","2023-03-10","Adidas","Scotiabank",0,"ADI-SCO","Adidas",147,1,999.23334,-1,"evenStrength",5,5,"Laura Stacey","F","Maddie Rooney","Kristen Campbell","assist","successful","second",91.7332229614258,-31.4323501586914,NA,0,0,0,"",""
"293","playoffs","2023-03-10","Adidas","Scotiabank",0,"ADI-SCO","Adidas",147,1,1001.9,-1,"evenStrength",5,5,"Jessica DiGirolamo","D","Maddie Rooney","Kristen Campbell","assist","successful","first",48.983226776123,-24.8941192626953,NA,0,0,0,"",""
"294","playoffs","2023-03-10","Adidas","Scotiabank",0,"ADI-SCO","Adidas",175,1,1182.4667,0,"evenStrength",5,5,"Laura Stacey","F","Maddie Rooney","Kristen Campbell","assist","successful","first",52.0008735656738,36.9676475524902,NA,0,0,0,"",""
"295","playoffs","2023-03-10","Adidas","Scotiabank",0,"ADI-SCO","Adidas",184,2,1224.0667,1,"evenStrength",5,5,"Renata Fast","D","Maddie Rooney","Kristen Campbell","assist","successful","second",-36.9126396179199,29.4205856323242,NA,0,0,0,"",""
"296","playoffs","2023-03-10","Adidas","Scotiabank",0,"ADI-SCO","Adidas",185,2,1227.3,1,"evenStrength",5,5,"Sarah Nurse","F","Maddie Rooney","Kristen Campbell","assist","successful","first",45.0667724609375,-22.3823528289795,NA,0,0,0,"",""
"297","playoffs","2023-03-10","Scotiabank","Adidas",1,"ADI-SCO","Scotiabank",485,3,3271.1667,-2,"powerPlay",5,4,"Jaime Bourbonnais","D","Emerance Maschmeyer","Maddie Rooney","assist","successful","second",49.5932464599609,-7.29411697387695,NA,0,0,0,"",""
"298","playoffs","2023-03-10","Scotiabank","Adidas",1,"ADI-SCO","Scotiabank",485,3,3272.7666,-2,"powerPlay",5,4,"Brigette Lacquette","D","Emerance Maschmeyer","Maddie Rooney","assist","successful","first",61.6638336181641,21.3735275268555,NA,0,0,0,"",""
"299","playoffs","2023-03-10","Scotiabank","Adidas",1,"ADI-SCO","Scotiabank",529,3,3532.1333,-1,"powerPlay",6,4,"Megan Keller","D","","Maddie Rooney","assist","successful","second",33.4991302490234,9.80588150024414,NA,0,0,0,"",""
"300","playoffs","2023-03-10","Scotiabank","Adidas",1,"ADI-SCO","Scotiabank",529,3,3533.2334,-1,"powerPlay",6,4,"Blayre Turnbull","F","","Maddie Rooney","assist","successful","first",59.1491241455078,-26.9088230133057,NA,0,0,0,"",""
"301","playoffs","2023-03-10","Harvey's","Sonnet",0,"HAR-SON","Harvey's",308,2,1980.1333,0,"evenStrength",5,5,"Emily Clark","F","Ann-Renée Desbiens","Nicole Hensley","assist","successful","first",22.4344177246094,-19.3647060394287,NA,0,0,0,"",""
"302","playoffs","2023-03-10","Sonnet","Harvey's",1,"HAR-SON","Sonnet",418,3,2694.0334,-1,"evenStrength",5,5,"Hilary Knight","F","Nicole Hensley","Ann-Renée Desbiens","assist","successful","second",40.0373687744141,19.3617630004883,NA,0,0,0,"",""
"303","playoffs","2023-03-10","Sonnet","Harvey's",1,"HAR-SON","Sonnet",418,3,2695.0334,-1,"evenStrength",5,5,"Erin Ambrose","D","Nicole Hensley","Ann-Renée Desbiens","assist","successful","first",30.9844207763672,32.9411773681641,NA,0,0,0,"",""
"304","playoffs","2023-03-10","Harvey's","Sonnet",0,"HAR-SON","Harvey's",572,4,3686.0334,0,"evenStrength",3,3,"Sophia Shaver","F","Ann-Renée Desbiens","Nicole Hensley","assist","successful","second",-94.3471221923828,-22.2187423706055,NA,0,0,0,"",""
"305","playoffs","2023-03-10","Harvey's","Sonnet",0,"HAR-SON","Harvey's",572,4,3688.2,0,"evenStrength",3,3,"Laura Fortino","D","Ann-Renée Desbiens","Nicole Hensley","assist","successful","first",-76.7520751953125,20.3705883026123,NA,0,0,0,"",""
"306","playoffs","2023-03-11","Adidas","Sonnet",1,"ADI-SON","Adidas",85,1,497.03333,-1,"powerPlay",5,4,"Kristin ONeill","F","Aerin Frankel","Nicole Hensley","assist","successful","second",64.673583984375,39.4863815307617,NA,0,0,0,"",""
"307","playoffs","2023-03-11","Adidas","Sonnet",1,"ADI-SON","Adidas",85,1,499.26666,-1,"powerPlay",5,4,"Jocelyne Larocque","D","Aerin Frankel","Nicole Hensley","assist","successful","first",45.0711364746094,-9.29890060424805,NA,0,0,0,"",""
"308","playoffs","2023-03-11","Sonnet","Adidas",0,"ADI-SON","Sonnet",235,2,1455.0667,0,"powerPlay",5,4,"Brianne Jenner","F","Nicole Hensley","Aerin Frankel","assist","successful","second",27.455940246582,-18.3518562316895,NA,0,0,0,"",""
"309","playoffs","2023-03-11","Sonnet","Adidas",0,"ADI-SON","Sonnet",235,2,1457.5333,0,"powerPlay",5,4,"Rebecca Leslie","F","Nicole Hensley","Aerin Frankel","assist","successful","first",59.1412353515625,-19.8606796264648,NA,0,0,0,"",""
"310","playoffs","2023-03-11","Adidas","Sonnet",1,"ADI-SON","Adidas",254,2,1567.8,-1,"evenStrength",5,5,"Jill Saulnier","F","Aerin Frankel","Nicole Hensley","assist","successful","first",42.9558219909668,-31.439323425293,NA,0,0,0,"",""
"311","playoffs","2023-03-11","Adidas","Sonnet",1,"ADI-SON","Adidas",572,4,3748.1333,0,"evenStrength",3,3,"Sarah Nurse","F","Aerin Frankel","Nicole Hensley","assist","successful","first",-95.7567520141602,22.8823547363281,NA,0,0,0,"",""
"312","playoffs","2023-03-12","Scotiabank","Harvey's",1,"HAR-SCO","Scotiabank",98,1,488.2,0,"evenStrength",5,5,"Madison Field","F","Emerance Maschmeyer","Ann-Renée Desbiens","assist","successful","second",-68.7050018310547,-23.3852920532227,NA,0,0,0,"",""
"313","playoffs","2023-03-12","Scotiabank","Harvey's",1,"HAR-SCO","Scotiabank",98,1,492.1,0,"evenStrength",5,5,"Jaime Bourbonnais","D","Emerance Maschmeyer","Ann-Renée Desbiens","assist","successful","first",-27.4638290405273,-11.8176460266113,NA,0,0,0,"",""
"314","playoffs","2023-03-12","Scotiabank","Harvey's",1,"HAR-SCO","Scotiabank",110,1,544.6667,1,"evenStrength",5,5,"Jaime Bourbonnais","D","Emerance Maschmeyer","Ann-Renée Desbiens","assist","successful","second",-71.2197113037109,-36.9647064208984,NA,0,0,0,"",""
"315","playoffs","2023-03-12","Scotiabank","Harvey's",1,"HAR-SCO","Scotiabank",110,1,550.93335,1,"evenStrength",5,5,"Victoria Bach","F","Emerance Maschmeyer","Ann-Renée Desbiens","assist","successful","first",87.2067565917969,-17.8529396057129,NA,0,0,0,"",""
"316","playoffs","2023-03-12","Harvey's","Scotiabank",0,"HAR-SCO","Harvey's",204,1,1148.2333,-2,"evenStrength",5,5,"Jessie Eldridge","F","Ann-Renée Desbiens","Emerance Maschmeyer","assist","successful","first",86.3079528808594,6.28529357910156,NA,0,0,0,"",""
"317","playoffs","2023-03-12","Harvey's","Scotiabank",0,"HAR-SCO","Harvey's",249,2,1448.5333,-1,"powerPlay",5,4,"Jessie Eldridge","F","Ann-Renée Desbiens","Emerance Maschmeyer","assist","successful","second",85.1956939697266,-32.4396820068359,NA,0,0,0,"",""
"318","playoffs","2023-03-12","Harvey's","Scotiabank",0,"HAR-SCO","Harvey's",249,2,1449.2667,-1,"powerPlay",5,4,"Marie-Philip Poulin","F","Ann-Renée Desbiens","Emerance Maschmeyer","assist","successful","first",50.4927558898926,-11.3161506652832,NA,0,0,0,"",""
"319","playoffs","2023-03-12","Harvey's","Scotiabank",0,"HAR-SCO","Harvey's",325,2,1789.6666,0,"evenStrength",5,5,"Jessie Eldridge","F","Ann-Renée Desbiens","Emerance Maschmeyer","assist","successful","first",-43.0502777099609,32.4411773681641,NA,0,0,0,"",""
"320","playoffs","2023-03-12","Scotiabank","Harvey's",1,"HAR-SCO","Scotiabank",433,2,2387.1667,-1,"evenStrength",5,5,"Mélodie Daoust","F","Emerance Maschmeyer","Ann-Renée Desbiens","assist","successful","first",37.5147705078125,-34.445972442627,NA,0,0,0,"",""
"321","playoffs","2023-03-12","Harvey's","Scotiabank",0,"HAR-SCO","Harvey's",641,3,3552,0,"evenStrength",5,5,"Marie-Philip Poulin","F","Ann-Renée Desbiens","Emerance Maschmeyer","assist","successful","first",84.7991333007812,37.467643737793,NA,0,0,0,"",""
